?002705,0.520833333,231.8888889,2514,1340,7.42,7600,5320,22,2.2,10.5,19.51,15.25,30.08,21.66,1.0491,146.36,481,1.049136878,11.204,3.29,6.88,74212,44.08,12.61,9.27,1.65,1705.67,4.68,0.74,16.81,1
?002706,0.925925926,205.1111111,995,0,3.76,2154,1292,4,0.4,19.1,24.8,27.79,24.64,26.79,1.4258,208.85,435,1.425758303,16.0650358,5.2,10.43,37612,5.186,3.362,3.0047,0.4,6631.62,1.83,0.62,37.23,1
?002707,0.666666667,7434.111111,1677,0,1.49,1458,1020,4,0.4,23.15,19.71,33.62,22.05,38.32,1.0828,256.39,614,1.082829419,5.525368042,4.6,5.84,14921.53,7.402,2.345,12.1727,0.31,2035.93,1.44,0.61,14.19,10
?002708,0.2125,241.2222222,0,0,3.51,3320,2648,13,1.3,11.88,12.97,17.26,28.29,33.88,1.8326,156.7,319,1.832607119,7.049515503,4.76,7.14,35088.4,7.622,4.753,2.9143,0.27,22267.06,1.4,0.27,5.87,1
?002709,1,502.8181818,0,0,2.95,3011,2404,12,1.2,13.66,62.7,19.83,28.08,29.53,1.2837,268.28,524,1.283706849,1.674399337,5.07,19.69,26523.66,6.933,5.159,2.6799,0.35,17276.8,2.09,0.34,6.88,2
?002711,0.833333333,2102.727273,0,0,5.4,3753,1501,15,1.5,18.29,25.65,26.34,25.23,25.24,2.0434,194.77,421,6.86,32.42350061,4.76,2.32,53956,9.84,5.62,3.03,0.57,1705.67,3.99,0.48,10.1946,2
?002712,0.943661972,701.1818182,738,814,2.76,2133,1703,8.5,0.85,25.18,114.2,36.58,24.06,29.95,1.1473,255.07,539,1.14727171,9.282673866,6.35,8.45,27559,5.92,4.63,7.15,0.37,5656.76,3.1,0.51,8.0117,4
?002713,0.02247191,210.2222222,2147,847,4.61,3121,2448,12,1.2,21,27.53,30.24,38.32,26.24,0.6491,201.81,412,0.947,2.75,3.25,2.32,46073,7.98,3.08,13.35,0.7,8150.24,0.97,0.69,22.7018,4
?002714,0.958333333,144.25,3714,0,6.67,6050,2420,24,2.4,24.07,56,34.66,18.8,76.69,2.5813,110.4,517,2.581344347,45.375,4.85,2.37,66716.04,30.44,10.286,7.4891,0.76,10051.63,6.31,0.36,7.35,1
?002715,0.05,331.6666667,1791,1163,2.01,2300,1720,8,0.8,10.16,30.38,14.63,26.52,16.82,0.4562,161.84,292,0.947,2.75,3.77,2.32,22238,6.222,2.705,1.4934,0.18,6448.5,1.2,0.26,6.81,8
?002716,0.74025974,574.9166667,0,0,6.9,5719,2288,22.5,2.25,14.35,14.98,20.67,23.26,30.83,2.5636,96.52,197,2.563588228,25.81759543,5.56,6.47,68967.9,32.546,9.798,18.8582,0.74,15841.77,5.73,0.42,7.84,1
?002717,0.426966292,210.2222222,1779,953,2.1,2143,1286,4,0.4,22.32,31.55,32.14,23.34,9.2,0.5774,228.35,1415,0.577432572,13.78135048,5.01,1.63,21000,10.757,3.759,4.1354,0.46,5291.63,2.28,0.62,13.14,5
?002718,0.942857143,289,441,814,1.6,1310,655,3.5,0.35,28.02,54,40.35,24.58,30.01,2.0954,219.39,402,2.095373064,17.01077782,5,9.22,16025,2.653,2.25,1.2237,0.3,534.72,1.57,0.67,14.06,2
?002719,0.282051282,185,586,814,2.95,2290,1374,9,0.9,25.38,39.5,36.56,39.64,48.79,2.2275,184.06,377,2.2274802,22.60054281,3.58,10.04,29529,4.293,2.809,1.6598,0.16,4582.12,1.46,0.2,5.87,1
?002721,0.270833333,264.5833333,1261,0,2.31,4181,2509,8,0.8,10.55,18.64,15.2,25.73,30.15,1.1977,74.74,319,1.197656961,20.15060241,4.17,2.32,23085.1,17.43,5.98,18.2094,1.11,12804.91,3.15,0.76,19.5,2
?002722,0.916666667,54.88888889,0,0,1.82,3360,2644,13,1.3,7.18,26.95,10.35,19.41,22.33,2.0329,194.25,325,2.032847713,7.152847153,3.19,5.67,18211.6,6.311,3.301,2.1046,0.27,5445.06,1.51,0.26,8.41,2
?002723,0.291666667,203.5,529,0,2.72,2335,1769,8,0.8,13.38,19.21,19.28,22.3,26.65,2.0977,183.63,314,2.097688985,8.062678063,4.73,6.4,27249.98,5.717,3.311,2.9996,0.21,2737.09,2.1,0.303,6.62,1
?002724,0.607142857,23.875,1966,892,3.99,5000,4500,20,2,8.88,18.48,12.79,22.77,27.61,0.5957,117.76,198,0.6,0.18,2.86,0.13,55044.11,11.3035,10.0114,4.1954,0.36,2087.31,5.48,0.1,3.6,9
?002725,0.4,236,3714,814,4.02,2500,1500,10,1,15.36,19.19,22.12,16.52,16.56,1.7673,145.55,236,1.767307984,14.22475107,5.72,16.16,40172.4,6.275,4.29,4.1056,0.53,13820.87,1.95,0.71,13.04,1
?002726,0.666666667,315.75,3466,1798,4.98,5459,4913,21.5,2.15,9.79,14.46,14.1,19.58,23.01,0.8325,190.17,459,0.832,0.195979178,5.49,2.71,49800,12.37,9.332,31.5833,1.16,35828.35,3.19,0.71,13.7,7
?002727,0.85,55.6,2749,1311,7.49,6510,5859,26,2.6,12.2,21.07,17.57,13.45,19.38,0.6221,252.7,687,0.622085236,0.089680539,5.36,2.32,74926,20.728,10.501,35.4666,2.39,16467.74,6.28,1.234,25.99,9
?002728,0.475409836,1788.444444,2231,1432,3.22,2500,2250,10,1,14,21.42,20.16,17.5,34.48,0.3773,220.33,447,0.377296003,0.2062326,4.67,0.36,51281.26,4.535,3.501,3.4272,0.81,4111.95,2.05,1.07,25.67,8
?002729,0.142857143,468.4375,4644,862,1.7,1668,1501,6.5,0.65,11.9,80.38,17.14,19.29,44.44,0.3746,168.43,246,0.37459,0.12,3.66,0.29,28862,2.9407,1.8302,0.8622,0.17,2460.06,0.97,0.35,9.69,7
?002730,0.408333333,67.1875,1088,709,2.64,3667,3300,14.5,1.45,8.07,16.59,11.62,19.59,53.14,0.455,116.73,179,0.45501,0.16,4.53,0.25,26419,9.2212,4.9799,2.7861,0.26,12703,2.4,0.24,5.37,7
?002731,0.020833333,248.25,1002,530,4.09,3768,3391,14.5,1.45,11.92,23.31,17.16,17.28,25.45,0.6838,120.15,174,0.68,0.15,5.04,0.14,40870,14.1057,5.6919,17.9876,0.44,3142.28,3.99,0.39,8.01,10
?002732,0.435897436,307.3333333,1531,857,3.45,3935,3542,15,1.5,10.13,25.08,14.59,22.87,35.11,0.5398,113.26,160,0.54,0.17,3.16,0.13,37345.5,5.7198,3.8018,6.8942,0.65,1705.67,4.68,0.74,16.81,8
?002733,0.660493827,291.1,1456,1011,4,3400,3060,13.5,1.35,13.16,24.91,18.95,22.31,27.88,0.4968,120.31,185,0.5,0.15,6.55,0.14,59000,14.3714,6.88,9.27,1.65,16583.3,3.92,0.74,16.81,7
?002734,0.87755102,630.3076923,1366,814,2.27,2500,2250,10,1,10.69,29.66,15.39,22.98,36.7,0.7144,46.57,56,0.71,0.4,6.5,2.32,27029.55,9.2076,4.9575,5.6857,0.37,1705.67,4.68,0.74,16.81,8
?002735,0.555555556,182.1,2277,938,1.52,2000,1800,8,0.8,9.23,41.27,13.29,22.51,33.97,0.327,156.39,184,0.33,0.12,4.44,0.18,15172.54,4.1201,2.7806,3.3778,0.22,1705.67,4.68,0.74,16.81,11
?002736,0.37037037,3007,20374,3424,69.96,120000,60000,360,36,5.83,14.62,8.4,22.97,60.45,1.7972,41.23,254,1.8,1.97,3.06,0.05,122696.62,1091.3921,228.8854,9.27,1.65,1705.67,4.68,0.74,16.81,11
?002737,0.885245902,1851.230769,4871,1325,12.49,3650,3285,14.5,1.45,36.53,33.66,52.6,22.97,41.91,0.638,42.34,85,0.64,0.44,7.58,0.36,124889.5,23.6278,9.1668,18.5611,2.17,1705.67,4.68,0.74,16.81,3
?002739,1,996.5,1416,1530,12.4,6000,5400,18,1.8,21.35,80.3,30.74,22.96,65.18,0.8622,108.14,211,0.86,0.15,5.23,0.08,200000,42.8807,28.7827,38.9728,6.77,1705.67,4.68,0.74,16.81,11
?002740,0.791666667,250.25,6311,0,3.6,2500,2250,10,1,16.48,15.68,23.73,18.52,27.96,0.9416,19.96,27,0.94,1,6.53,0.21,35999.62,8.7199,5.1123,6.6754,0.62,1705.67,4.68,0.74,16.81,5
?002741,0.224489796,476.375,1290,1117,3.28,3000,2700,12,1.2,12.31,21.99,17.73,22.8,38.2,0.3979,97.73,111,0.4,0.1938,4.08,0.18,32800,6.9972,3.6698,7.7358,0.68,2695.13,2.29,0.75,19.82,7
?002742,0.957142857,275.875,2559,814,4.39,2400,2160,9.5,0.95,20.37,32.2,29.33,19.59,24.65,1.0508,27.53,31,1.05,0.6824,8.99,0.18,43912.9,14.5234,6.8815,12.7081,1.01,1705.67,4.68,0.74,16.81,5
?002743,0.382022472,171.625,3714,814,2.4,3034,2731,12,1.2,7.22,14.03,10.4,22.91,40.04,0.7721,43.6,53,0.7721,0.4297,4.79,2.32,122696.62,30.4584,5.4581,18.3481,0.41,1705.67,4.68,0.74,16.81,9
?002745,0.891304348,130,1236,432,8.76,4450,4005,12.5,1.25,21.5,31,30.96,22.5,53.19,1.1371,67.12,79,1.1371,0.2361,3.42,0.15,95239.76,51.9218,14.9777,40.0167,4.39,1705.67,4.68,0.74,16.81,5
?002746,0.791666667,144.625,2419,1265,1.72,3985,3587,15.5,1.55,5.28,37.2,7.6,22.96,110.1,0.3913,108.86,116,0.39,0.1701,6.72,0.14,30500,14.9832,8.0274,17.3469,0.44,25085.52,4.02,0.37,5.68,10
?002747,0.424,162.8,3315,1508,1.7,3000,2700,12,1.2,6.8,52.43,9.79,22.67,55.68,0.3913,156.81,171,0.3913,0.1208,2.99,0.09,18106.18,4.1986,2.7013,3.6668,0.24,2966.46,1.37,0.28,9.65,19
?002748,0.782312925,843.5,2932,1143,4.04,3000,2700,12,1.2,15.38,31.11,22.15,22.96,41.11,0.6055,31.73,36,0.6055,0.5952,5.82,0.18,48827.6,8.7064,5.2338,10.4789,0.82,7836.73,3.1,0.91,15.79,6
?002749,0.986394558,836.6,2169,814,3.45,1875,1350,7.5,0.75,26.92,68.93,38.76,16.47,41.49,0.6873,68.43,74,0.6873,2.1212,6.88,0.15,35535,4.9556,4.1293,5.8351,1.24,71.56,3.26,2.06,34.38,5
?002750,0.426229508,2024.666667,1473,0,3.02,1675,1508,6.5,0.65,21.21,31.03,30.54,22.99,45.16,0.6441,44.54,50,0.6441,0.4252,5.31,0.11,34500,4.2025,2.6526,1.2992,0.43,442.03,1.82,0.87,15.5,7
?002751,0.083333333,274.3333333,1198,1622,1.55,1756,1580,6.5,0.65,10.48,62.9,15.09,22.98,48.18,0.3387,138.08,140,0.3387,0.1428,4.73,0.18,27604.78,6.1609,2.4902,4.3421,0.35,2537.18,1.48,0.67,14.89,24
?002752,0.814814815,232.8888889,3355,3258,3.14,6000,5400,18,1.8,5.74,25.24,8.27,22.96,50.65,0.5264,88.21,93,0.5264,0.1808,2.66,0.13,52510.47,23.4133,9.7236,18.7047,1.1,2898.47,5.44,0.31,12.29,10
?002755,0.370786517,388.25,3714,1340,1.63,2534,2281,10,1,7.49,35.1,10.79,20.49,26.6,0.316,163.58,166,0.3160119,0.1134,4.39,2.32,18277,5.8266,3.3361,4.7087,0.38,214.84,2.27,0.74,11.77,17
?002756,1,312.375,2942,1520,9.98,5000,4500,20,2,21.74,42.67,31.31,17.97,63.68,0.4784,180.55,182,0.4784,0.1048,11.36,2.32,139800,20.1503,17.0351,40.1882,2.64,3820.44,13.18,1.76,16.73,13
?002757,0.758333333,133.2222222,63351,1287,3.21,2734,2461,10.5,1.05,12.94,40.27,18.63,22.98,72.91,0.3238,155.35,160,0.947,2.75,4.23,2.32,46193.65,6.2773,3.4723,5.4311,0.63,5665.38,1.88,0.77,16.81,14
?002758,0.45,84.55555556,4583,1216,2.21,1400,1260,5.5,0.55,18.04,74.8,25.98,22.98,53.78,0.2564,181.19,182,0.947,2.75,6.65,2.32,25659.08,7.5699,2.7917,11.4389,0.46,8613.28,1.37,1.09,17.7,14
?002759,0.729166667,450.9,3745,1177,2.43,2400,2160,9.5,0.95,12.02,36.18,17.31,20.16,41.85,0.3144,148.07,149,0.947,2.75,3.78,2.32,25700,4.401,2.8838,1.0031,0.16,4111.11,1.55,0.22,5.77,13
?002760,0.872,157.3333333,3115,1060,1.47,2200,1980,8.5,0.85,8.31,37.15,11.97,22.97,64.33,0.345,114,114,0.345,0.165,5.98,0.02,25389.2,9.3069,3.9472,5.222,0.37,11046.82,1.92,0.56,9.88,11
?002761,0.477272727,711.4444444,3502,1575,1.85,3000,2700,12,1.2,7.28,36.85,10.48,22.75,67.49,0.2278,103,105,0.2278,0.1812,4.55,0.04,28056.4,6.7986,4.0985,6.7211,0.45,8478.33,2.09,0.5,11.67,12
?002762,0.636363636,711.4444444,2978,1066,3.97,1700,1530,6.5,0.65,26,52.44,37.44,18.71,41.56,0.2948,111.88,113,0.2948,0.1667,7.55,0.04,39659.6,4.4309,3.8516,4.0692,0.94,5356.86,2.5,0.74,27.37,11
?002763,0.954545455,711.4444444,5926,1295,6.62,5400,4860,21.5,2.15,13.1,31.97,18.86,21.72,41.61,0.3665,94.91,106,0.3665,0.1989,4.44,0.04,66224.69,16.2879,7.6162,4.991,0.83,19485.38,3.58,0.74,10.97,11
?002765,0.625,599,3870,1644,3.58,5200,4680,20.5,2.05,7.67,22.58,11.04,22.98,24.37,0.2883,91.03,92,0.2883,0.2058,3.68,2.32,78040.51,11.6545,5.9534,7.8069,0.84,25384.6,1.4,0.52,16.81,10
?002766,0.798319328,183.8888889,4044,1576,3.13,4580,4122,18,1.8,7.53,31.74,10.84,22.82,77.44,0.3153,202.15,203,0.3153,0.092,4.28,2.32,39008.44,10.8991,5.8694,7.7078,0.65,15878.47,2.59,0.74,11.65,11
?002767,0.827160494,548.3,5185,873,3.19,2500,2250,10,1,14.87,46.02,21.41,22.43,89.55,0.3477,92.27,94,0.3477,0.2008,3.9,0.02,31866,3.9039,2.9223,3.0672,0.67,4373.61,1.44,0.89,24.19,9
?002772,0.904761905,193.3,4424,2273,4.26,3725,3353,14.5,1.45,13,24.37,18.72,22.98,102.51,0.2191,240.98,239,0.2191,0.081,4.44,2.32,42603.81,10.6114,4.9805,3.835,0.91,16251.04,2.08,0.74,20.08,5
?002773,0.808823529,387.7,3182,2548,5.76,4560,4104,13.5,1.35,13.62,64.78,19.61,22.98,67.35,0.2304,30.02,300,6.21,0.5418,3.98,2.32,67292.92,19.4088,16.1177,9.27,1.65,14293.11,8.62,0.74,16.81,7
?002776,0.977272727,688.8888889,1902,814,5.62,2622,2360,10,1,23.29,30.3,33.54,22.98,81.31,0.6035,154.43,162,0.6035,0.1208,5.15,2.32,65377.62,5.3629,3.4219,1.6264,0.32,8219.94,1.42,0.4,7.53,5
?300357,0.757575758,156.3333333,1757,1139,1.9,2525,2020,10,1,20.05,33.9,29.15,39.31,49.7,0.5684,159.28,987,0.568353,6.64,2.37,12.96,18952.45,2.235,2.129,0.8765,0.32,32.56,1.13,0.35,16,3
?300358,0.514285714,1040,4095,814,2.5,1825,1095,3.5,0.35,40,29.12,58.08,31.5,45.6,1.4026,106.6,351,1.402573947,22.6,5.84,8.05,24997,5.536,2.25,4.0454,0.7,7718.01,0.74,1.06,36.44,1
?300359,0.338028169,706.1111111,5550,0,1.2,1630,978,6.5,0.65,30.31,27.02,44.31,51.37,68.18,1.6787,220.41,487,1.678694738,15.94,3.31,10.03,11994.57,2.146,1.984,0.8587,0.26,4260.93,0.85,0.43,13.38,1
?300360,0.932098765,205.1111111,4796,0,2.08,1988,1193,7.5,0.75,55.11,18.85,65.4,33.17,40.9,2.2491,83.6,216,2.249093518,11.642753,6.13,84.37,20772,7.821,4.266,3.4616,0.8,2125,3.37,1.09,19.51,1
?300362,0.320987654,205.1111111,7584,814,4.89,2570,1998,9.5,0.95,12,57.4,17.42,41.38,57.36,1.2328,132.86,293,1.232823842,12.43478261,4.09,21.72,48881,12.847,3.255,2.49,0.18,9901.85,1.28,0.2264,5.67,1
?300364,0.718309859,990.2857143,1538,381,1.67,3000,2700,12,1.2,6.81,83.81,9.81,22.87,33.85,0.5285,106.07,122,0.53,0.18,2.93,0.09,20088.3,3.7539,2.6615,1.6696,0.1,1705.67,4.68,0.74,16.81,14
?300365,0.361344538,144.7777778,1663,814,2.32,1208,604,3.5,0.35,43.21,37.18,62.74,42.16,53.83,2.0491,155.23,351,2.049105893,9.986781229,4.56,7.87,23183.73,2.337,1.914,0.5886,0.13,1749.05,1.2,0.32,7.28,1
?300366,0.74789916,140.5,3500,814,1.04,1429,857,2.5,0.25,18.11,62.94,26.08,27.08,53.83,1.0797,173.67,332,1.079666069,10.24193548,4.79,2.32,10415.5,2.48,1.97,1.15,0.18,843.09,1.11,0.37,9.366,3
?300368,0.43902439,20.55555556,0,0,1.92,1548,1238,6,0.6,18.77,45.8,27.26,21.33,22.32,1.2869,52.54,355,1.286869513,14.53051643,5.52,9.86,21200,3.311,2.759,0.7754,0.19,3330.63,1.75,0.37,6.98,4
?300370,0.583333333,77.63636364,4529,814,1.49,1345,764,4.5,0.45,35.51,15.98,51.58,39.54,48.09,2.1044,191.35,443,2.10435276,15.09090909,4.52,8.66,14866.48,4.5,1.98,2.6,0.45,112.68,1.34,1.0361,23.2985,1
?300371,0.5,234,4977,0,2.1,1200,720,4.5,0.45,39.89,25.79,57.93,39.11,41.26,2.4896,67.57,375,2.489626556,16.66666667,3.82,3.39,21271.73,2.503,1.603,1.1895,0.33,864.12,0.97,0.8,17.26,1
?300372,0.117283951,181.8333333,2083,0,2.2,2145,1287,4,0.4,16.31,14.65,23.49,25.48,26.64,1.4487,123.92,242,1.448656134,17.2248996,5.23,2.32,22000,6.95,3.66,2.21,0.23,197.62,2.67,0.33,6.2402,1
?300373,0.644067797,685.8888889,2937,814,2.41,2060,1648,8,0.8,19.5,17.49,28.31,26.53,26.64,1.3831,84.84,371,1.383086398,8.408163265,4.78,11.49,24082.9,4.649,3.393,2.4216,0.46,8929.53,1.61,0.65,14.49,3
?300374,0.214285714,673.75,6218,814,2.74,2434,2191,9.5,0.95,13.21,20.2,19.02,22.94,25.29,0.6674,33.9,38,0.6674,0.5519,5.45,0.12,27387.88,8.0967,4.0804,2.054,0.13,10800.13,2.08,0.18,3.47,6
?300375,0.75,241.0769231,3830,814,2.14,2220,1114,6.5,0.65,19.58,18.25,28.2,24.17,27.09,1.8911,135.39,356,1.891066747,25.87134503,6.48,2.32,21829,7.205,5.398,4.7517,0.58,9149.63,3.16,0.75,10.92,1
?300376,0.691358025,177.5454545,5239,0,1.8,2239,1791,8.5,0.85,18.4,27.18,26.5,14.51,26.64,1.6172,224.97,442,1.617177911,5.077097506,8.59,2.32,18000,12.35,6.72,5.02,0.65,5069.19,5.02,0.83,9.6813,11
?300377,0.218487395,140.5,2133,0,1.93,1385,693,1,0.1,21.58,70.76,31.08,33.1,53.83,2.4214,178.84,368,2.421362537,9.7949,3.52,2.32,19281.15,1.925,1.631,0.6334,0.05,1058.75,0.97,0.11,2.96,2
?300378,0.428571429,140.8181818,2083,814,5.17,3000,1800,6,0.6,20.77,34.43,29.91,27.37,53.94,2.591,195.38,503,2.591029711,11.11111111,6.5,2.32,51665,8.813,5.8,5.0108,0.45,22433.43,2.6,0.5,8.02,2
?300379,0.394957983,131.8888889,2806,814,1.12,1286,1029,5,0.5,22,64.55,31.68,30.27,54.08,1.0426,372.19,667,1.042626935,5.912174713,3.48,2.97,11153,2.541,1.705,0.7301,0.14,3591.9,0.84,0.31,8.56,5
?300380,0.319327731,134.1666667,3878,0,1.7,1718,1031,6.5,0.65,23.4,40.41,33.7,40.06,53.94,1.8756,229.58,403,1.87558851,19.14206128,3.18,1.7,16968.47,2.316,1.91,0.8591,0.15,5110.8,0.71,0.25,8.02,2
?300381,0.424242424,143.5,2256,814,1.66,1145,687,4.5,0.45,27.88,47.72,40.16,23.83,48.79,1.7344,215.37,345,1.734382041,13.79518072,6.92,4.77,16647,3.236,2.704,1.6233,0.28,153.05,2.04,0.71,10.83,1
?300382,0.866666667,49.4,2707,814,2.31,1331,799,5,0.5,35.15,30.55,50.62,22.29,22.33,1.6466,208.97,428,1.646586511,12.89042857,5.85,2.61,23110.57,4.832,2.692,1.5648,0.49,232.01,2,1.07,20.2,1
?300383,0.677419355,128,3714,0,3.11,1365,819,5,0.5,38.3,31.92,55.16,37.79,53.29,1.5408,113.11,551,5.23,34.98717949,5.95,3.65,31076.2,3.706,2.727,1.4098,0.32,6371.49,1.46,0.7,12.23,2
?300384,0.957983193,145.2222222,3714,0,3.72,1334,1201,5,0.5,30.66,48.5,44.15,20.97,33.98,0.6193,123.19,251,0.619261796,0.18670399,6.21,0.33,42159.99,6.787,2.485,3.4574,0.8,104.71,1.85,2.0004,38.02,7
?300385,0.858333333,102.25,3347,1579,2.58,2000,1800,8,0.8,14.73,30.3,21.21,22.17,30.07,0.4577,306.33,636,0.458,0.132100396,5.76,1.26,25837,6.685,3.458,4.1519,0.56,11882.36,1.44,0.9358,17.67,8
?300386,0.463414634,61,1494,1787,6.18,2376,1801,9,0.9,33.13,21.62,47.71,16.57,52.03,0.5442,222.53,575,0.947,2.75,4.79,2.32,122696.62,6.382,5.07,8.4582,2.0118,0.8821,3.0866,2.68,49.5,12
?300387,0.823129252,1078.555556,1010,783,2.29,1525,1169,3,0.3,20.48,23.58,29.49,23.01,26.83,0.71,250.33,518,0.710007856,0.711108891,6.07,0.48,17383.18,3.534,2.938,3.0231,0.6,6454.91,1.61,1.25,22.98,9
?300388,0.296296296,354,737,814,2.3,2206,1985,8.5,0.85,12.14,20.43,17.48,18.55,42.8,0.4768,230.5,417,0.47681587,0.08675476,7.25,0.24,39890,21.482,5.059,6.3823,0.59,5456.55,3.32,0.87,12.3,8
?300389,0.97826087,219.3333333,3714,814,2.61,1966,1392,3.5,0.35,18.43,47,26.54,13.16,41.99,0.7246,188.76,420,0.72455717,1.30713147,5.51,0.21,26066.17,6.624,3.478,7.2977,1.14,3205.23,2.24,1.81,38.99,9
?300390,0.5,1547.222222,0,1025,0.9996,1950,1402,7.5,0.75,8.47,12.5,12.2,18.29,41.88,0.2995,325.96,535,0.29950966,1.562910128,3.18,0.19,9996,2.856,1.983,3.4588,0.37,1250.01,1.11,0.59,20.14,9
?300391,0.8,117.2222222,2065,814,1.39,1667,1500,3,0.3,9.84,17.81,14.17,20.5,34.59,0.8369,190.92,369,0.836911577,0.10734754,3.95,0.31,13908.74,5.629,1.975,2.5539,0.35,4634.66,0.89,0.7,18.33,8
?300392,0.394366197,1049.153846,3714,814,3.48,1600,1440,6,0.6,26.1,25.67,37.58,22.7,90.79,0.6665,189.08,362,0.66647,0.1,6.81,0.2,34784.43,5.4098,3.6537,9.27,1.65,6885.3,2.26,0.74,16.81,9
?300393,0.969135802,305.1875,3714,814,3.5,2988,2114,11.5,1.15,16.42,45.5,23.64,20.95,38.45,0.5842,143.45,286,0.58416,0.82,3.53,0.14,39125,6.1909,3.3936,2.1514,0.65,14.27,2.22,0.68,21.31,6
?300394,0.966101695,637.75,0,814,2.86,1859,1372,7,0.7,21.41,92.24,30.83,18.78,53.19,0.6138,91.75,109,0.6138,0.6397,5.51,0.07,28557,3.4511,3.2553,2.0064,0.89,6265.01,1.8,0.74,31.08,6
?300395,0.703703704,1045.142857,833,814,2.7,1620,1458,6,0.6,19.13,36,27.55,18.94,19.09,0.6624,48.57,246,0.66244,0.82,3.53,0.14,41094,4.5484,3.3998,1.3483,0.31,4388.77,2.18,0.65,9.29,6
?300396,0.857142857,1335.692308,1023,814,4.2,1534,1381,5,0.5,29.54,34.65,42.54,20.8,33.18,0.7653,150.4,315,0.76528,0.13,9.64,0.2,43012.8,5.6913,4.4336,2.1256,0.44,9791.73,2.71,0.96,10.51,7
?300397,0.85,320.5,257,833,6.44,3000,2700,12,1.2,24.05,50.99,34.63,20.73,44.44,0.5929,186.13,417,0.59285,0.11,6.2,0.12,64383,6.8445,5.5828,0.0088,0.19,3447.92,4.17,0.21,3.28,13
?300398,0.850340136,555.1875,0,814,3.14,2000,1800,8,0.8,18.15,50.97,26.14,22.84,32.31,0.5175,149.38,214,0.51753,0.13,4.63,0.17,122696.62,4.6224,2.7792,1.7423,0.38,2298.2,1.89,0.63,14.52,7
?300399,0.81512605,128.8125,3714,379,1.7,2000,1800,8,0.8,11.19,36.72,16.11,20.35,63.23,0.389,172.37,235,0.38902,0.11,4.6,0.13,122696.62,44.08,12.61,9.27,1.65,1705.67,4.68,0.74,16.81,12
?300400,0.072,88.5625,3714,814,1.2,2000,1800,4,0.4,7.6,25.92,10.94,21.11,35.73,0.6971,146.35,202,0.69709,0.11,3.46,0.2,15339.97,3.2739,2.2551,1.34,0.18,2389.19,1.26,0.29,8.17,10
?300401,0.147058824,193.3125,1515,814,1.3,2270,2043,9,0.9,7.01,23.41,10.09,21.1,35.15,0.4021,212.08,269,0.40209,0.09,8.09,0.2,29221.4,5.9924,5.6512,0.7237,0.15,3246.22,4.26,0.22,2.67,11
?300402,0.025,66.4375,3714,814,2,5100,4590,20,2,4.47,16.64,6.44,20.66,35.73,0.5778,131.28,188,0.57776,0.16,3.16,0.19,21000,12.5066,4.7693,3.0978,0.22,7553.2,2.25,0.14,4.65,11
?300403,0.895833333,317,3714,814,6,3400,3060,13.5,1.35,19.3,46.25,27.79,21.99,27.63,0.6278,111.16,185,0.947,2.75,4.7,2.32,122696.62,44.08,12.61,9.27,1.65,1705.67,4.68,0.74,16.81,8
?300404,0.685714286,1937.777778,0,1079,1.88,1667,1500,6.5,0.65,12.87,39.65,18.53,22.98,68.93,0.3004,246.6,251,0.3004,0.0764,4.37,0.09,19450.05,2.936,2.055,1.3641,0.3516,0.5348,0.9412,0.7,18.71,24
?300405,0.244897959,682,3714,814,2.5,1700,1530,6.5,0.65,16.45,29.69,23.69,22.84,34.54,0.4761,147.88,202,0.48,1.19,7.21,0.18,34210,10.7682,3.6825,5.8678,0.32,4265.51,2.47,0.62,9.07,12
?300406,0.636363636,241,740,1453,3,3111,2199,12,1.2,14.32,19.59,20.62,10.07,38.11,0.3003,260.32,418,0.3,0.58,5.75,0.07,30008,6.2192,5.7544,2.3149,0.99,8380.42,3.38,0.99,18.85,17
?300407,0.055555556,291.1,0,814,3.44,1700,1530,6.5,0.65,22.34,31,32.17,22.8,27.88,0.4889,135.52,193,0.49,0.14,6.85,0.12,34353,7.5987,3.5447,1.8579,0.35,75.48,2.71,0.69,10.49,6
?300408,0.762711864,1063.555556,1119,802,13,4600,4140,13.5,1.35,29.39,16.66,42.32,22.61,50.11,1.2312,58.05,133,1.23,0.3,4.62,0.13,130000,27.5615,21.4675,16.6953,4.55,1705.67,4.68,0.74,16.81,5
?300409,0.646258503,670.6,3714,814,2.54,1625,1463,6.5,0.65,17.3,87,24.91,20.35,21.31,0.4474,143.97,185,0.45,0.13,5.64,0.09,33311,5.5596,2.9811,3.3884,0.6,3875,1.92,1.23,21.86,10
?300410,0.035714286,1276.692308,529,396,1.33,1500,1350,6,0.6,10.79,37.02,15.54,22.96,52.61,0.4118,84.48,98,0.41,0.23,5.21,0.14,13392.21,3.6503,2.4221,2.4396,0.26,2522.13,1.6,0.57,11.09,6
?300411,0.4,117.6923077,836,814,2.18,2000,1800,8,0.8,12.8,31.39,18.43,22.92,48.07,0.4759,53.57,68,0.48,0.35,4.52,0.09,24408,6.1085,2.8501,2.4189,0.33,1705.67,4.68,0.41,12.09,6
?300412,0.314285714,1489.846154,2581,814,1.82,1340,1206,5,0.5,13.6,32.18,19.58,22.78,41.18,0.4546,71.23,80,0.45,0.26,4.42,0.08,24350.28,2.6352,1.9618,1.3564,0.35,1875.83,1.25,0.74,16.81,7
?300413,0.235294118,283.2857143,3544,1070,5.64,7000,6300,21,2.1,9.06,25.9,13.05,22.89,30.17,0.7856,99.22,148,0.79,0.17,2.68,0.14,147055.76,13.2449,9.1821,20.3476,1.1,17799.05,3.69,0.74,12.62,12
?300414,0.845679012,361.1666667,1421,1135,2.79,2107,1896,8,0.8,14.74,31.92,21.23,13.24,71.75,0.2996,207.01,211,0.2996,0.0917,5.03,0.04,27928.58,4.6769,3.1781,4.5653,0.98,3665.06,1.94,1.54,35.89,18
?300415,0.6,119.5555556,1522,814,3.61,3000,2700,12,1.2,13.32,14.77,19.18,22.69,42.21,1.0835,46.6,52,1.08,0.43,3.96,0.07,36060,12.4968,3.6872,8.6701,0.51,1761.46,2.11,0.57,15.41,8
?300416,0.1,264.5,1313,814,1.43,1570,1413,6,0.6,11.48,27.15,16.53,22.96,49.16,0.4545,89.25,95,0.45,0.21,4.8,0.08,20956,3.9184,2.5909,1.7144,0.22,7573.43,1.17,0.45,9.02,11
?300417,0.95,263.7777778,1499,814,1.64,1020,918,4,0.4,16.08,72.63,23.16,22.65,49.71,0.7064,71.58,79,0.71,0.26,5.62,0.09,14951.54,2.0418,1.7786,0.9895,0.19,2842.15,1.09,0.74,16.81,10
?300418,0.549295775,990.2857143,879,1069,13.3,7000,6300,28,2.8,20.3,27.55,29.23,22.99,120.89,0.7703,88.05,135,0.77,0.21,4.74,0.1,134849,15.0753,9.6412,14.422,2.52,16337.67,5.2,0.74,25.74,12
?300419,0.949579832,171.5,1154,814,2.67,1030,927,4,0.4,28.81,40.72,41.49,22.94,72.48,0.5602,69.1,76,0.56,0.28,4.79,0.15,26684.77,2.9849,2.2329,1.9892,0.35,777.24,1.76,1.15,16.9,11
?300420,0.432,91.125,826,814,1.31,2000,1800,8,0.8,8.27,61.3,11.91,22.59,51.3,0.6833,55.51,60,0.6833,0.3401,4,0.12,28120.22,3.2937,2.506,1.8986,0.31,8683.61,0.92,0.74,13.2,9
?300421,0.856,91.125,3714,814,2.29,2800,2520,11,1.1,9.13,28.88,13.15,22.83,51.3,0.889,44.14,50,0.889,0.4274,3.67,0.06,30015.35,6.4363,3.2168,4.7099,0.54,12098.81,0.96,0.74,15.54,6
?300422,0.321428571,132.25,3714,814,1.25,1550,1395,6,0.6,10,31.03,14.4,22.97,55.97,0.579,112.97,119,0.579,0.165,4.4,0.06,31799.58,5.9567,2.0447,2.8031,0.31,2984.09,1.15,0.74,16.35,15
?300423,0.388888889,199.375,957,814,1.9,2200,1980,8.5,0.85,10.3,34.36,14.83,22.89,31.47,0.9039,57.2,67,0.9039,0.3523,3.26,0.07,19023,4.7438,2.1484,3.0405,0.43,1049.18,1.25,0.74,22.14,6
?300424,0.151515152,1128.666667,2032,1031,3.35,3327,2994,13,1.3,11.68,50.33,16.82,22.9,65.09,0.4303,134.38,138,0.4303,0.1398,3.85,2.32,33523.1,8.5426,4.5006,5.0911,0.81,37.18,3.19,0.74,19.39,25
?300425,0.214285714,144,3714,817,2.44,1800,1620,7,0.7,15.21,30.2,21.9,20.28,41.67,0.3782,120.04,132,0.3782,0.1556,7.2,0.16,24420.8,6.1246,4.1699,2.3513,0.54,1705.67,4.68,0.74,16.81,10
?300426,0.338028169,688.625,946,814,4.18,2000,1800,8,0.8,22.83,64.98,32.88,22.96,63.53,0.5147,86.93,102,0.5147,0.2206,5.77,0.05,80925.81,9.1081,3.4728,4.0779,0.86,3115.46,2.34,0.74,28.27,10
?300427,0.62345679,199.375,699,814,1.87,2217,1995,8.5,0.85,10.46,63.28,15.06,18.34,31.52,0.9551,58.47,62,0.9551,0.3206,4.85,0.07,18687.53,4.2405,3.2231,2.676,0.56,3492.51,1.97,0.85,18.82,6
?300428,0.962962963,1634,874,814,2.68,2020,1818,8,0.8,14.71,45.87,21.18,22.98,40.45,0.6603,55.59,61,0.6603,0.3359,4.88,0.1,30691.73,4.9464,2.959,6.9597,0.58,4517.48,1.64,0.74,21.98,6
?300429,0.959183673,797.3333333,941,814,2.74,2000,1800,8,0.8,15.89,104,22.88,18.67,41.49,0.7446,71.19,75,0.7446,0.2702,4.1,0.05,27393,3.6937,2.6294,2.7593,0.68,4399.47,1.47,0.74,16.81,10
?300430,0.88,162.25,1299,814,2.47,1520,1370,6,0.6,18.91,40.93,27.23,22.89,54.42,0.5315,69.53,75,0.5315,0.273,6.83,0.06,24653.2,7.2889,3.1162,3.1949,0.52,8570.64,1.63,1.14,18.24,8
?300431,0.193548387,188.5555556,2373,992,1.67,3000,2700,12,1.2,7.14,62.05,10.28,22.97,152.25,0.3432,209.61,218,0.3432,0.0907,3.19,0.03,60150,4.5333,2.8916,3.8621,0.42,4643.98,1.39,0.74,15.78,29
?300432,0.7,406.75,1017,814,3.77,3000,2700,12,1.2,13.97,18.98,20.12,12.86,20.93,0.5704,65.77,77,0.5704,0.2976,4.43,0.07,37698,7.6939,4.0051,6.9957,1.37,1550.84,2.57,0.74,41.08,8
?300434,0.525,127.6666667,2591,814,1.48,1700,1530,6.5,0.65,10.57,59.42,15.22,22.98,53.28,0.4359,147.87,149,0.4359,0.1263,4.34,0.08,15954.58,2.8726,2.2159,1.7283,0.32,1096.57,1.43,0.63,15.49,24
?300436,0.787878788,210,1232,847,2.59,1750,1260,7,0.7,21.47,56.6,30.92,18.67,52.14,0.3036,178.52,193,0.3036,0.296,2.8,0.07,25883.3,2.2411,1.5687,2.5447,0.84,42.8,0.8,1.5,59.07,22
?300437,0.816326531,757,1832,814,1.52,1670,1503,6,0.6,10.53,27.59,15.16,19.3,48.91,0.4973,152.3,155,0.4973,0.1237,4.13,0.06,17500,3.0665,2.3468,4.2455,0.37,2912.74,1.33,0.74,16.81,25
?300438,0.964285714,1866.777778,1154,835,2.78,2100,1890,8,0.8,14.87,112.3,21.41,22.99,40.38,0.4541,184.38,186,0.4541,0.1016,7.35,0.05,38908,8.0808,4.6461,7.0054,0.6,16497.44,2.2,0.96,13.91,9
?300439,0.545454545,210,711,814,7.12,2834,2551,10,1,27.51,27.78,39.61,22.98,52.14,0.5961,121.76,128,0.5961,0.1444,4.87,0.06,83600,6.2125,4.1513,5.9785,1.37,2.35,2.95,0.74,38.79,10
?300440,0.840336134,185.3333333,830,814,5.58,2800,2520,11,1.1,21.7,59.4,31.25,22.97,127.72,0.6057,103.77,102,0.6057,0.2006,6.24,0.07,56452,7.831,5.2453,3.631,1.09,12219.16,2.82,0.74,22.47,9
?300441,0.2,155.1111111,811,557,1.73,2112,1901,8,0.8,9.81,26.63,14.13,22.81,64.8,0.6846,76.04,79,0.6846,0.2465,4.07,0.05,23496.3,4.8325,2.5818,2.4696,0.4,1168.56,1.64,0.74,17.09,9
?300442,0.425,127.6666667,6186,814,4.21,2500,2250,10,1,19.17,39.29,27.6,22.55,53.28,0.6197,143.11,146,0.6197,0.1323,6.24,0.08,42121.84,7.4375,4.6764,4.2249,0.59,12460.07,2.53,0.79,13.57,7
?300443,1,153.1111111,2668,814,3.34,1407,1013,5.5,0.55,31.94,64.36,45.99,19.66,51.58,0.5403,119.17,122,0.5403,0.4868,9.35,0.09,33399,6.2246,4.2083,4.5483,0.91,10982.97,2.39,2.03,24.39,10
?300444,0.438271605,350,961,552,3.7,3449,3104,13,1.3,12.13,18.93,17.47,22.89,39.44,0.7695,80.15,81,0.7695,0.9123,3.83,0.07,48462.39,7.039,3.9595,5.4492,0.74,4606.13,2.19,0.72,20.21,8
?300445,0.65,380.0909091,1511,814,1.59,1020,918,4,0.4,18.12,43.55,26.09,22.98,71.31,0.5176,103.61,107,0.5179,0.1809,5.72,2.32,19538.97,2.4587,1.7493,1.4088,0.35,3.41,1.27,1.14,21.77,23
?300446,1,1035.111111,3714,814,1.12,1540,1386,6,0.6,8.85,79.1,12.74,7.11,48.91,0.4573,113.3,115,0.4573,0.1673,5.29,0.05,11153.01,3.2856,2.4323,2.1054,0.77,55.49,1.74,0.74,36.32,29
?300447,0.962962963,353.5555556,3132,814,2.1,2025,1823,8,0.8,12.91,72.55,18.59,22.3,39.01,0.4324,138.69,134,0.4324,0.1419,4.53,0.09,21025.71,3.3423,2.7546,2.0518,0.49,972.92,1.84,0.81,16.81,22
?300448,0.025210084,183.1,1197,814,2.84,2000,1800,8,0.8,15.79,71.91,22.74,22.88,127.72,0.4626,144.18,158,0.4626,0.1312,4.05,0.04,28407.5,3.7332,2.4309,3.8627,0.57,2599.35,1.39,0.95,26.22,24
?300449,0.048780488,50.3,3714,2498,2.77,1770,1593,7,0.7,17.76,43.78,25.57,22.98,65.58,0.1956,176.08,183,0.1956,0.1064,6.04,0.1,27677.11,6.8715,3.2029,5.6289,0.57,6808.03,1.86,1.07,19.43,25
?300450,0.992,143.5454545,3714,410,3.29,1700,1530,6.5,0.65,21.21,37.81,30.54,22.98,59.17,0.4745,178.86,183,0.4745,0.1049,5.63,2.32,36716.83,8.8004,2.9195,0.8538,0.25,11087.63,1.15,0.48,8.26,16
?300451,0.18487395,174,870,1548,2.01,1700,1530,6.5,0.65,14.02,125.93,20.19,22.98,140.58,0.2018,350.25,349,0.947,2.75,6.75,2.32,20611.95,4.71,3.4702,0.6938,0.02,5741.44,2.13,0.74,0.64,26
?300452,0.897058824,231.375,3714,814,1.49,1160,1044,4.5,0.45,14.96,90.5,21.54,22.99,58.64,0.2958,240.29,238,0.947,2.75,5.09,2.32,15795.5,2.6639,1.772,2.3939,0.35,2221.69,1.06,0.74,21.56,17
?300453,0.657142857,1835.875,2363,814,2.3,1986,1787,7.5,0.75,12.87,26.51,18.53,22.98,58.48,0.4127,181.68,183,0.4127,0.1015,4.21,2.32,30042.9,3.8137,2.5027,3.222,0.5,3194.01,1.41,0.74,21.37,17
?300455,0.781512605,176.5,1814,960,2.02,3500,3150,14,1.4,6.88,39.05,9.91,18.11,71.92,0.3459,178,177,0.947,2.75,4.79,2.32,122696.62,4.721,2.938,2.2763,0.5495,0.5085,1.2248,0.52,20.56,22
?300456,0.181818182,1197.428571,14592,872,2.66,2100,1890,8,0.8,14.01,78.3,20.17,22.98,71.92,0.3864,224.27,235,0.947,2.75,4.79,2.32,41850.69,3.1791,2.1909,1.6716,0.55,1648.58,1.35,0.88,0,18
?300457,0.941666667,121.4285714,3714,814,2.04,1950,1755,7.5,0.75,12.41,70.88,17.87,20.34,58.48,0.3304,232.41,233,0.947,2.75,4.32,2.32,20425.6,5.3328,2.5273,2.2501,0.51,4253.39,1.36,0.74,22.21,17
?300458,0.898305085,1132.375,1139,814,4.3,4000,3600,16,1.6,12.73,72.7,18.33,19.89,72.58,0.4332,199.9,201,0.947,2.75,4.79,2.32,42944.37,11.5102,9.7285,16.501,4.19,1476.89,7.78,3.49,52.15,21
?300459,0.605442177,680.5,3714,762,1.76,2650,2385,10.5,1.05,7.84,29.8,11.29,22.97,53.66,0.3281,172.47,174,0.3281,0.1089,5.18,2.32,26358,6.5754,4.1195,4.769,0.36,17225.45,1.45,0.74,9.19,17
?300460,0.254237288,1132.375,1274,1133,2.47,4208,3787,15.5,1.55,6.43,22.89,9.26,22.96,71.92,0.3389,205.62,206,0.3389,0.0871,2.88,2.32,29661.26,6.6205,3.7183,0.9579,0.09,5227.81,1.74,0.74,2.44,17
?300462,0.609756098,65,3017,1005,2.23,1722,1550,5,0.5,14.25,42.24,20.52,22.97,72.91,0.3549,193.42,194,0.947,2.75,4.82,2.32,22303.64,3.9967,2.4895,1.8154,0.52,6108.41,1.18,1,21.95,15
?300463,0.96969697,206.5,1596,980,9.97,4650,3375,18.5,1.85,27.96,83.77,40.26,22.99,58.36,0.3221,173.42,181,0.3221,0.3685,5.33,2.32,99732,12.362,7.959,2.082,0.49,1060.17,5.96,0.33,6.01,13
?300464,0.704,155.8888889,30415,1053,1.77,2067,1860,8,0.8,10.2,44.59,14.69,22.67,63.82,0.2816,120,120,0.2816,0.1531,4.17,0.03,18858.2,5.1586,2.5874,3.9159,0.4,7130.8,1.08,0.65,15.87,11
?300465,0.193277311,162.7777778,1867,1487,3.36,3334,3001,12,1.2,11.26,68.36,16.21,22.93,143.54,0.295,284.14,285,0.295,0.0623,3.55,0.02,39370.08,6.7919,3.5542,9.9593,0.66,4004.44,1.96,0.66,19.49,20
?300466,0.50617284,428.5,3582,1126,1.74,2000,1800,8,0.8,10.25,35.38,14.76,22.99,85.18,0.3097,160.48,161,0.3097,0.1157,4.39,2.32,122696.62,4.1118,2.6738,0.4363,0.04,7053.47,1.23,0.07,1.53,15
?300467,0.8,275.6666667,2464,1548,2.94,1000,900,4,0.4,33.75,55.2,48.6,22.99,213.83,0.1967,336.27,337,0.1967,2.75,3.57,0.01,31554.55,1.6657,1.1867,0.4273,0.15,3887.5,0.24,0.56,16.81,22
?300468,0.789915966,156.5555556,2432,1061,4.27,2500,2250,10,1,18.76,50.3,27.01,22.98,143.05,0.2716,254.77,266,0.2716,0.0732,4.39,0.02,43991.86,3.7208,3.2921,3.3799,0.84,6669.74,1.58,1.12,27.85,16
?300469,0.016806723,183.8888889,1785,1043,1.44,1670,1503,6,0.6,10.14,108.01,14.6,22.98,158.28,0.2555,286.14,289,0.2555,0.0621,3.18,0.02,37037,4.3324,1.4568,0.2411,0.21,1.03,0.77,0.74,13.6,15
?300470,0.984,156.5454545,1888,814,4.1,1334,1201,5,0.5,34.6,84.5,49.82,21.84,86.43,0.3336,98.12,99,0.3336,0.1871,8.48,2.32,41000,4.8323,3.5572,0.8343,0.16,2663.24,2.56,0.74,4.75,9
?300471,0.575,93.22222222,1951,814,7.17,1780,1332,7,0.7,54.01,45.05,77.77,21.85,97.11,0.5263,90.61,100,0.5263,0.9922,10.26,0.04,71728,14.5246,5.7116,1.5795,0.27,7777.37,3.92,0.74,16.81,7
?300472,0.341666667,93.22222222,1341,814,1.63,1667,1500,6.5,0.65,11.39,31.53,16.4,22.99,97.11,0.3514,166.97,167,0.3514,0.1119,3.74,0.03,26341.89,3.173,1.9318,0.4342,0.06,3828.98,0.95,0.74,3.29,11
?300473,0.8875,610.7,1584,814,6.27,2500,2250,10,1,28.76,60.09,41.41,22.99,87.29,0.5936,104.87,107,0.5936,0.1773,9.69,0.01,76482.71,10.8252,7.4115,6.7448,1.33,34448.37,2.66,0.74,19.53,9
?300475,0.645833333,472.2222222,1257,1372,4.05,5000,4500,20,2,8.8,23.27,12.67,13.33,40.77,0.2734,115,115,0.2734,0.1634,3.9,0.03,40470.3,8.3074,5.8069,1.0175,0.29,7929.59,3.22,0.74,4.92,11
?300476,0.93220339,1340.222222,1335,850,5.33,3667,3300,14,1.4,15.73,25.06,22.65,22.97,76.81,0.461,121.92,145,0.461,0.1498,5.33,0.02,75931,12.8519,5.8576,10.8673,1.03,23218.42,2.24,0.74,18.46,10
?300477,0.839506173,533.4444444,1003,1183,2.44,2705,2340,10,1,10.61,53.86,15.28,15.38,40.77,0.2364,123.24,124,0.2364,0.218,5.08,0.03,24431.39,10.3412,3.9059,9.27,1.65,1952.56,2.58,0.74,16.81,11
?300478,0.465517241,331,1972,992,2.13,1667,1500,5.5,0.55,14.84,51.32,21.37,22.99,67.26,0.271,112.86,114,0.271,0.1531,4.86,0.01,29385.97,4.2132,2.4298,5.7296,0.46,4377.79,1.25,0.92,20.81,11
?300479,0.56097561,58.9,1874,814,1.73,2000,1800,8,0.8,11.02,73.88,15.87,22.96,77.44,0.276,238.75,239,0.276,0.0786,3.22,0.01,17265.46,2.546,1.9667,0.8984,0.13,878.52,1.13,0.74,16.81,13
?300485,0.838235294,387.7,1731,1227,10.81,3000,2700,12,1.2,38.46,45.13,55.38,22.99,67.35,0.3663,221.77,223,0.3663,2.75,4.79,2.32,108094.47,7.1835,6.4664,5.8985,2.02,9955.06,4.11,2.25,36.15,6
?600917,0.444444444,369.5555556,8289,601,4.7,15600,14040,46,4.6,3.25,9.47,4.68,19.12,17.9,0.8767,137.09,296,0.87667,0.13,1.88,0.29,212308,63.8607,28.776,28.4373,1.85,70375.38,4.29,0.13,6.62,8
?600958,0.259259259,3877.125,0,1317,100.3,100000,70000,300,30,10.03,16.9,14.44,22.98,76.17,1.6235,80.32,237,1.6235,0.5941,4.29,0.02,978747.4,1075.3012,186.255,54.996,23.59,379610.7,43.83,0.74,13.81,5
?600959,0.451612903,179.8571429,4578,1595,31.22,59700,53730,177,17.7,5.47,13.75,7.88,22.98,55.22,1.239,118.58,132,1.239,0.1341,3.63,0.04,470600,150.3056,93.2332,44.0225,8.49,483191.01,10.08,0.33,9.31,19
?601015,0.815789474,338.4444444,1396,131,6.89,12000,10800,36,3.6,6.15,9.01,8.86,22.69,42.32,1.2774,78.87,134,1.28,0.25,4.01,0.11,420000,96.3533,27.6496,33.5677,0.43,34739.21,10.64,0.11,2.85,8
?601016,0.140625,760.25,1586,826,3.3,17778,16000,53,5.3,2.17,10.09,3.12,22.06,11.33,0.7042,171.29,356,0.70419,0.1,1.74,0.22,104062,129.1457,33.8799,5.905,1.32,45340.33,6.84,0.07,3.75,10
?601021,1,304.4285714,2144,663,17.55,10000,9000,40,4,18.16,49.56,26.15,22.96,21.21,0.6524,52.55,127,0.65,0.4,9.8,0.17,175500,107.083,33.2658,55.7569,6.57,27970.26,25.97,2.19,26.42,8
?601069,0.701298701,1410.625,2071,262,4.12,12600,11340,37,3.7,3.57,21.23,5.14,22.31,48.39,0.7598,70.81,92,0.76,0.23,2.32,0.1,140021.03,23.0067,11.6017,6.2761,0.48,1705.67,4.68,0.74,16.81,12
?601198,0.555555556,1754.117647,1813,636,0,50000,45000,150,15,9.18,22.11,13.22,22.97,76.88,1.4416,76.84,236,1.4416,0.2196,3.71,0.03,447377,426.0715,74.3531,25.9777,10.41,132475,24.97,0.52,15.43,7
?601211,1,3640.444444,2593,2364,296.64,152500,106750,457,45.7,19.71,17.4,28.38,22.99,50.79,1.5742,55.94,121,1.5742,0.8929,6.89,0.14,122696.62,3193.0245,472.9867,178.816,71.72,121954.43,222.59,0.74,18.04,1
?601225,0.5,257.3333333,2290,0,98.33,100000,15000,150,15,4,4.6,4.55,6.23,7.56,4.8702,24.02,174,4.8701694,30.53301928,3.36,17.77,1725100,541.836,272.694,9.27,82.59,517497.6,60.64,0.61,27.14,1
?601368,0.62962963,467.1818182,2242,937,8.71,14700,13230,44,4.4,6.43,13.05,9.26,22.96,45.23,0.2955,111.71,115,0.2955,0.1443,2.57,2.32,93076.98,66.0474,15.6918,2.2821,0.55,17725.22,6.84,0.74,16.81,10
?601579,0.538461538,1151.75,7650,151,3.76,10000,9000,40,4,4.43,11.7,6.38,14.42,12.88,0.4914,143.39,373,0.49142625,0.27,3.16,0.26,64202,20.688,9.701,9.3381,1.25,25341.93,3.39,0.41,13.94,7
?601689,0.8,406.75,2135,0,13.93,12910,11619,38,3.8,11.37,25.02,16.37,19.81,20.93,1.1352,38.38,46,1.1352,0.4833,2.84,0.09,139253,25.3698,15.0027,27.3686,4,19201.08,6.48,0.77,26.32,5
?601968,0.185185185,226.1111111,3111,1305,5.89,20833,18750,62,6.2,3.08,8.75,4.44,22.93,64.33,0.453,153.51,150,0.453,0.1077,2.19,0.02,84444.67,48.5553,14.9146,9.27,1.65,37199.79,3.21,0.74,16.81,11
?601969,0.3,2715.933333,1819,125,17.6,18667,16800,56,5.6,10.34,11.47,14.89,19.88,37.42,1.797,31.32,90,1.8,0.58,1.61,0.2,177858.78,43.2014,27.3518,13.3792,3.19,1705.67,4.68,0.74,16.81,4
?601985,0.421875,1024.333333,4936,9512,133.76,389100,272370,1167,116.7,3.39,6.75,4.88,22.29,22.32,1.6319,137.19,193,21,0.3535,1.92,0.02,15859700,2299.3882,487.6167,9.27,1.65,379422.4,65.81,0.74,16.81,11
?603005,0.610169492,579.3157895,1706,814,6.67,5667,4533,22,2.2,19.16,30.96,27.59,33.76,46.73,1.3187,133.79,383,1.31869551,7.753339031,3.53,6.61,66735.96,8.163,6.695,1.9853,0.72,18375.03,2.64,0.38,10.45,4
?603006,0.95,296.75,6615,736,2.5,2000,1800,8,0.8,9.93,45.87,14.3,13.43,13.43,0.4366,331.65,637,0.437,0.07544,5.53,0.6,25000,4.777,3.317,4.0499,0.603,0.2441,2.2829,1,19.99,10
?603009,0.675,300.3333333,3314,814,1.5,2667,2400,10,1,7.01,30.75,10.09,19.47,13.5,0.2809,313.31,519,0.28085352,0.2062326,3.12,2.32,15000,6.667,2.583,5.3111,0.41,1297.59,1.47,0.51,17.85,9
?603010,0.945578231,563.1176471,2303,814,2.51,2500,2250,10,1,11.7,17.46,16.85,22.76,32.31,0.4921,122.45,183,0.49213,0.17,3.21,0.22,33482.28,5.5917,2.4049,3.4681,0.23,5149.58,0.97,0.31,9.07,5
?603011,0.536,126.9090909,1663,814,1.62,4500,4050,18,1.8,4.26,9.46,6.13,22.42,43.41,0.5472,161.88,196,0.55,0.12,2.92,2.32,33570,8.5713,3.9282,2.1973,0.12,9731.76,1.46,0.09,3.02,19
?603012,0.683333333,105.2,1900,0,10.07,7960,7164,31,3.1,13.56,20.83,19.53,22.96,43.89,1.2202,36.38,40,1.2202,0.5182,4.78,0.12,100725,20.3513,11.9887,9.8165,1.34,24981.07,5.99,0.54,11.32,4
?603015,0.648148148,202.0952381,44379,814,4.79,5010,4509,20,2,10.6,23.99,15.26,22.97,31.52,0.7136,73.35,86,0.7136,0.2601,3.5,2.32,53732.66,7.2023,5.3766,4.5705,0.94,18532.57,1.93,0.63,17.91,5
?603017,0.786516854,234.8,1567,814,4.17,1500,1350,6,0.6,29.97,34.08,43.16,22.88,42.78,0.5467,34.06,47,0.75298,0.56,7.74,0.21,77672,22.288,7.5622,2.541,0.39,18500.28,4.54,0.5,5.31,3
?603018,1,244.6,1598,814,7.77,2600,2340,10,1,32.26,27.66,46.45,22.88,39.44,0.753,96.28,185,0.75298,0.2,9.69,2.32,77672,23.335,7.172,11.4588,1.499,1.85,4.1462,1.92,23.35,4
?603019,0.829268293,46.4,4008,138,3.97,7500,6750,30,3,5.29,33.82,7.62,22.98,50.3,0.5242,259.9,378,0.52,0.08,3.29,0.09,34850,22.3443,7.5185,10.4465,0.24,12131.41,3.64,0.1,3.22,22
?603020,1,327.1,2013,814,7.57,4000,3600,12,1.2,20.47,20.65,29.48,22.94,41.49,1.1603,60.23,77,1.1603,0.2646,7.07,0.06,75740,10.7807,8.6099,12.6898,1.28,25364.86,4.45,0.74,15.52,4
?603021,0.729166667,282,6292,814,1.93,2640,2376,10,1,8.73,33.02,12.57,22.97,30.86,0.4677,90.49,94,0.4677,0.2062,6.11,0.17,46315.13,15.2013,5.4597,7.0514,0.63,4447.4,3.39,0.73,12.38,8
?603022,0.703703704,191.7272727,3095,814,2.53,2000,1800,8,0.8,14.31,49.1,20.61,22.98,80.31,0.3608,144.55,149,0.947,2.75,4.79,2.32,122696.62,3.651,2.272,4.2145,0.5179,0.2122,1.3601,0.863,25.72,15
?603023,0.8375,474.1111111,2586,814,2.17,2000,1800,8,0.8,13.25,51,19.08,14.46,71.8,0.2644,221.98,223,0.2644,0.1048,2.67,0.05,21667,2.238,1.6039,2.0262,0.85,2995.04,0.4,1.41,41.09,15
?603025,0.814814815,353.5555556,2915,608,5.18,5100,4590,15,1.5,11.17,30.96,16.08,22.98,66.04,0.6184,81.01,93,0.6184,0.1984,2.29,0.13,51825.9,10.1102,9.2384,6.6352,2.18,181.16,4.18,0.55,26.44,9
?603030,0.202247191,295.2,866,814,3.6,4000,3600,16,1.6,9.85,24.94,14.18,22.97,32.07,0.8299,57.27,83,0.8299,0.3316,3.52,0.08,53800.04,16.4001,4.2358,18.118,0.77,2756.16,2.52,0.74,19.62,5
?603066,0.541666667,4223.888889,1725,814,2.68,2500,2250,10,1,12.43,40.87,17.9,20.98,85.02,0.2574,141.8,143,0.2574,0.1355,5.33,0.02,26814.6,5.5825,3.9948,4.7435,0.61,12655.1,1.65,0.82,16.73,10
?603088,0.192,120.2666667,1630,814,1.37,2000,1800,8,0.8,8.57,37.06,12.34,22.91,38.44,0.448,210.32,261,0.45,0.09,4.95,0.11,24070,4.9299,2.9681,1.113,0.2,11921.35,1.02,0.33,6.76,14
?603099,0.5,13520.2,2574,882,2.7,6667,6000,25,2.5,4.54,17.63,6.54,20.25,18.32,0.3683,238.85,487,0.36828,0.11,2.19,0.36,42112.32,4.791,4.38,2.3315,0.62,7738.41,1.31,0.31,15.26,10
?603100,0.611111111,294.4285714,1836,126,6.26,10000,9000,40,4,6.72,12.58,9.68,21,40.89,0.8948,132.72,328,0.89476678,0.19139855,3.36,0.24,62586,33.428,10.108,31.8722,1.48,17926.56,4.67,0.48,12.84,6
?603108,0.914285714,1930.333333,1171,814,3.61,2360,2124,8,0.8,17,83.5,24.48,22.97,53.78,0.2799,252.19,255,0.2799,0.0702,6.74,0.04,58192.27,10.8489,4.7563,13.585,0.75,10130.97,2.84,1.07,17.11,14
?603111,0.9375,841.4,1496,0,4.5,7230,6507,28,2.8,6.89,31.39,9.92,18.62,28.53,0.6514,125.01,343,0.65140032,0.161701557,1.98,0.26,96124.7,13.688,4.458,10.4144,1.17,1295.08,1.52,0.54,28.04,7
?603118,0.953846154,112,1517,814,8.46,7500,6750,30,3,11.95,35.17,17.21,19.27,53.19,0.9299,67.62,90,0.9299,0.2793,5.97,0.08,84624.2,35.7174,13.4333,38.7883,1.61,58637.54,4.96,0.72,12.78,6
?603126,0.25,185.5555556,1858,212,2.51,8000,7200,16,1.6,3.46,11.05,4.98,21.63,33.85,0.85,189.28,394,0.84998527,0.11894319,3.14,0.37,100949.84,20.157,10.271,10.5977,0.91,14603.02,4.68,0.28,9.36,10
?603158,0.9,401.6,1541,814,3.37,2667,2400,10,1,14.53,40.09,20.92,17.51,21.05,0.9024,53.24,57,0.9024,0.3624,4.33,0.12,33746.2,5.8123,3.569,5.5244,0.92,2768.77,2.2,1.12,29.26,5
?603168,0.941176471,375.2,1285,814,3.07,1635,1472,6,0.6,21.85,40.3,31.46,14.05,33.53,0.7623,285.09,511,0.76228515,0.10094462,7.21,0.26,30673,5.976,3.533,6.2814,1.04,4062.79,2.31,2.12,33.62,10
?603169,0.1,67.1875,3755,139,1.3,10000,9000,40,4,1.68,12.22,2.42,21.73,35.47,0.614,231.49,296,0.61402,0.1,1.65,0.2,39100,38.0446,8.0979,7.1164,0.37,1496.45,2.79,0.08,4.73,15
?603188,0.294117647,635.3846154,2916,206,13.55,7200,6480,21,2.1,20.49,17.4,29.51,22.75,30.75,1.2142,67.59,238,1.21418,0.25,5.23,0.26,135534,25.2175,11.2953,14.2179,3.95,18158.41,6.47,1.83,37.92,4
?603198,0.692307692,1672.777778,1219,199,8.84,8000,7200,24,2.4,11.8,24.64,16.99,19.4,23.21,0.7002,155.62,156,0.7002,0.105,3.55,0.04,92612.29,38.8526,25.5609,29.5895,4.87,46006.82,12.54,0.68,20.7,9
?603222,0.264705882,177.5,6804,814,3.78,4000,3600,16,1.6,7.36,26.39,10.6,22.96,42.76,0.5392,66.32,79,0.5392,0.2849,3.56,0.12,37764,6.3004,4.4161,4.8831,0.58,14800.86,1.56,0.74,12.33,9
?603227,0.081632653,680.5,4531,838,3.7,8235,7412,32,3.2,4.98,18.32,7.17,22.95,54.18,0.2977,173.79,176,0.2977,2.75,3.31,2.32,70104.14,17.2986,10.5248,9.0932,1.3,36901.23,1.53,0.74,10.39,17
?603268,0.8125,285.25,1564,814,2.18,2200,1980,8,0.8,11.66,43.05,16.79,22.86,25.29,0.5891,35.78,40,0.5891,0.5208,4.39,0.14,23668,3.7767,2.8953,3.0694,0.49,4769.55,1.6,0.74,18.09,6
?603288,0.923076923,208.6842105,1984,0,18.57,7485,4491,14,1.4,51.25,30.26,66.41,31.9,48.5,2.7662,149.8,598,2.76615717,18.83018868,5.31,12.55,185694.67,48.976,37.756,44.0266,8.64,133672,15.12,1.22,24,1
?603306,1,352.8888889,2160,814,4.01,3500,3150,14,1.4,12.08,43.27,17.4,19.24,15.93,0.2977,113.55,214,0.29772,0.23,4.07,0.31,47065.62,6.0383,4.2684,1.105,0.23,5829.77,2.48,0.22,5.65,6
?603308,0.488,121.4,3714,0,5.79,8001,4000,24,2.4,8.28,22.73,11.1,19.6,29.19,1.7907,157.25,445,1.79066795,14.92835821,3.34,62.1,57850,35.536,11.134,7.2691,0.91,25738.43,4.63,0.28,8.36,1
?603309,0.371428571,1311.809524,3714,814,3.47,2500,2250,10,1,15.4,27.02,22.18,22.87,41.67,0.6096,102.01,113,0.6096,0.1858,4.93,2.32,37884.76,5.258,3.7018,4.9641,0.68,8562.59,1.92,0.9,20.2,7
?603311,0.741666667,110.7272727,2480,732,2.47,5250,4725,21,2.1,5.39,20.52,7.76,22.99,59.17,0.2996,213.95,215,0.2996,0.0873,1.83,0.06,32300,5.6957,2.8801,4.12,0.51,1705.67,1.29,0.32,18.92,20
?603315,0.888,156.5,11892,814,2.4,2500,2250,10,1,10.77,37.29,15.51,22.91,64.8,0.4717,95.8,114,0.4717,0.1967,4.58,0.12,26046.56,9.677,3.472,4.0307,0.5311,1.7338,0.8567,0.71,16.06,8
?603318,0.816666667,132.5454545,8457,688,1.55,3010,2709,12,1.2,6.52,46.62,9.39,22.97,51.58,0.3188,114.1,116,0.3188,0.1697,3.18,2.32,122696.62,6.5706,2.871,3.6245,0.36,2967.1,1.49,0.4,13.26,23
?603328,0.881355932,790.6666667,1158,559,13.08,9000,8100,27,2.7,15.31,26.85,22.05,23.2,39.98,1.7009,129.56,527,1.70084633,0.4592071,5.83,0.83,130802.12,30.941,23.267,25.9349,3.2165,1.4077,16.0561,0.81,14.85,4
?603338,0.941666667,99.4,2122,0,4.4,1625,1463,6,0.6,29.56,38.88,42.57,21.34,44.26,0.3603,147.76,162,0.3603,0.1256,7.47,0.13,44001.99,3.956,2.784,3.4123,0.836,0.6274,1.4707,1.71,35.17,4
?603355,0.854166667,372.3333333,1939,881,7.52,4100,3690,12,1.2,19.08,34.39,27.48,22.99,44.3,0.3951,165.09,170,0.3951,0.0972,4.19,0.06,79050.81,29.9573,15.0938,42.3077,3.44,8497.22,8.68,0.96,25.72,15
?603368,0.9,61.18181818,17645,814,5.9,2813,2025,11,1.1,26.22,75.74,37.76,19.71,32.06,0.4009,149.55,265,0.4,0.66,6.03,0.08,53133.87,33.2456,5.9563,42.3918,1.3,8503.61,3.79,0.74,16.81,5
?603369,0.871794872,1010.181818,3618,185,9.31,5180,4662,15,1.5,16.93,13.25,24.38,12.54,12.55,1.0594,124.7,395,1.05941134,0.22766229,5.08,2.32,93100,33.663,22.977,25.1542,6.8011,2.2788,14.8251,1.514,34.08,3
?603456,0.764705882,194.1764706,5405,814,7.53,5196,4676,15,1.5,15.43,52.54,22.22,22.36,37.78,0.7484,140.97,327,0.74844,0.13,4.95,0.2,90774.37,17.9897,7.7727,6.3956,0.77,19.89,5.19,0.48,10.08,5
?603518,0.818181818,802.9,65063,814,7.41,3700,3330,14,1.4,20.02,25.71,28.83,22.3,26.25,0.6401,84.24,138,0.64,0.26,4.61,0.13,65928.3,6.7253,5.7766,5.9223,0.89,1705.67,4.68,0.8,16.48,5
?603519,0.770833333,399.25,1119,814,2.22,2000,1800,8,0.8,13.69,44.29,19.71,20.13,32.71,0.5735,42.49,46,0.5735,0.4386,6.16,0.1,22165.01,5.8014,3.6954,5.6262,0.43,5993.38,2.29,0.74,12.35,6
?603555,0.659090909,481.6,2983,814,8.82,8900,4450,26,2.6,10.6,24,15.26,12.89,17.11,2.287,67.71,180,2.28703467,13.33133613,2.28,2.32,88220.54,28.508,11.996,12.2908,1.74,4583.96,5.59,0.3314,13.99,1
?603558,0.772727273,611.2307692,8987,0,3.46,2000,1800,8,0.8,19.25,18.76,27.72,22.92,27.96,0.6835,40.61,45,0.68,0.47,5.44,2.32,34550,7.6446,3.5068,4.7246,0.64,1705.67,4.68,0.74,16.81,5
?603566,0.888888889,193.2727273,2538,814,5.6,4000,3600,16,1.6,15.52,44.91,22.35,18.89,59.6,0.506,205.08,209,0.506,0.0942,5.7,0.1,57117,8.3772,6.8359,4.7569,1.4,5309.44,4.54,1.17,20.83,13
?603567,0.68852459,2038.727273,2359,618,14.28,6458,5812,18,1.8,23.6,43.02,33.98,22.91,52.14,0.8283,85.07,92,0.8283,0.1897,6.04,2.32,122696.62,36.0408,21.7261,15.9291,4.64,28692.81,13.89,1.33,24.01,7
?603568,0.928571429,301.2222222,1692,0,4.51,4580,4122,13,1.3,11.27,31.84,16.23,22.97,76.06,0.4607,220.76,245,0.4607,0.0751,2.4,0.04,85320.96,28.1575,10.0754,9.27,1.65,240.52,5.49,0.74,16.81,13
?603588,0.714285714,183,9657,814,6.99,4040,3636,16,1.6,18.23,53.63,26.25,22.79,53.43,0.4085,56.38,92,0.41,0.35,7.67,0.19,69900,19.7887,9.876,3.9783,0.43,30103.03,4.93,0.37,16.81,5
?603598,0.577464789,1124.444444,1841,1171,2.13,3334,3001,12,1.2,7.2,42.16,10.37,22.96,67.55,0.1691,293.47,295,0.1691,0.0608,3.18,0.02,28132.5,5.919,3.228,14.246,0.51,1655.32,1.93,0.5,17.16,17
?603599,0.965986395,668.5,94716,814,7.01,4706,4235,18,1.8,16.11,36.72,23.2,20.62,53.66,0.3158,165.27,170,0.3158,0.1128,9.85,2.32,70071.47,21.6279,13.9019,12.143,1.53,37998.07,7.66,1.08,12.01,15
?603600,0.958333333,251.6666667,1051,0,2.24,2500,2250,10,1,10.22,43.83,14.72,22.71,34.61,0.4525,57.72,66,0.45,0.34,3.31,0.18,22392,4.7108,2.4849,6.7929,0.44,401.85,1.64,0.58,18.14,10
?603601,0.764705882,407.125,1978,814,1.04,1700,1530,6,0.6,7.9,37.75,11.38,22.34,24.27,0.4407,102.1,92,0.44,0.22,3.55,0.13,17710.09,2.5069,1.9212,1.6041,0.32,4795.84,0.85,0.74,17.73,11
?603606,0.25308642,264.3809524,4347,814,2.23,3535,2822,10,1,8.2,12.45,11.81,20.41,26.67,0.4901,153.16,274,0.49014,0.23,4.64,0.16,22276.46,14.0668,5.1005,6.7804,0.26,4225.22,3.14,0.24,5.12,6
?603609,0.766666667,153.8,3714,814,4.25,8000,7200,24,2.4,5.88,16.48,8.47,21.78,23.93,0.5112,283.87,546,0.51120044,0.06,3.62,0.35,42537,35.439,18.995,85.2546,1.85,3693.62,10.77,0.37,10.64,5
?603611,0.966666667,105.7142857,950,814,3.25,2000,1800,8,0.8,18.37,25.62,26.45,21.36,49.22,0.755,62.49,74,0.75,0.31,7.34,2.32,32469,9.4902,4.6394,9.1412,0.62,1705.67,4.68,0.74,16.81,7
?603616,0.914285714,580.3333333,1102,0,3.59,3668,3301,13,1.3,11.35,25.71,16.34,20.64,36.11,0.3292,86.28,87,0.3292,0.2126,4.16,0.04,41629.3,14.175,4.5786,12.4084,0.8,8102.45,2.37,0.73,19.17,10
?603618,0.851851852,199.375,1100,0,5.74,5335,4802,21,2.1,11.65,11.53,16.78,22.84,31.52,1.1181,35.5,42,1.1181,0.5674,5.45,0.15,57358,26.4553,8.7193,26.6807,1.26,33617.58,3.14,0.74,14.91,5
?603636,0.890756303,194.3333333,3714,814,3.49,2500,2250,10,1,14.95,52.86,21.53,22.96,74.41,0.396,77.97,110,0.4,0.24,5.27,0.15,41135.11,6.5078,4.213,1.772,0.42,1705.67,4.68,0.74,16.81,7
?603669,0.529411765,242.8888889,655,209,7.03,6500,5850,26,2.6,11.7,26.51,16.85,22.98,58.33,0.4139,190.6,193,0.4139,0.0986,1.92,0.02,70299.04,5.5983,3.7413,5.764,1.5,930.14,1.35,0.77,35.18,13
?603678,0.847457627,844.25,2226,814,3.82,4160,3744,16,1.6,10.38,57.64,14.95,15.04,51.63,0.6278,76.42,91,0.63,0.25,4.49,2.32,38189,9.5294,5.9284,6.7545,1.04,267.89,4.35,0.74,19.04,9
?603686,0.958333333,100.75,1023,814,4.5,3335,3002,13,1.3,14.86,35.95,21.4,21.23,42.08,0.5194,80.59,97,0.52,0.24,4.14,2.32,46808.27,10.6739,4.5619,9.1507,1.03,220,3.16,0.74,16.81,8
?603688,0.592592593,1214,1562,814,3.31,5595,5036,22,2.2,6.45,17.23,9.29,19.61,20.85,0.6864,100.46,150,0.69,0.2,4.85,0.2,33113.6,8.6745,8.1479,1.8113,0.34,28717.39,3.28,0.2,4.27,11
?603698,0.06741573,240,1390,0,9.8,8230,7407,24,2.4,12.52,25.93,18.03,22.97,40.55,0.6081,95.17,156,0.61,0.17,3.27,0.08,102307.13,21.08,9.282,10.4445,2.2834,1.5832,3.8393,0.69,27.31,7
?603699,0.696,134.2,2579,836,8.39,8250,4125,24,2.4,17.66,16.34,25.34,46.47,33.85,1.774,68.85,321,1.77394863,15.76,1.77,67.57,83920.36,26.612,12.963,11.8657,2.15,36.75,4.81,0.3,18.75,1
?603703,0.646153846,236.5,2804,814,2.27,2300,2070,9,0.9,11.32,60.3,16.3,22.98,39.01,0.4511,79.01,81,0.4511,0.2381,3.93,2.32,30550,5.9401,2.7063,3.9768,0.55,2027.03,1.65,0.8,22.62,8
?603718,0.555555556,193.5,7282,670,4.19,7000,6300,28,2.8,6.81,17.41,9.81,21.28,59.27,0.3078,148.76,153,0.3078,0.1253,2.61,0.05,41857,6.5448,5.585,2.8527,1,13499.96,1.63,0.74,19.96,17
?603729,0.436619718,1094.222222,4057,814,4.01,1667,1500,6,0.6,26.61,65.93,38.32,22.55,50.68,0.538,84.46,95,0.538,0.2348,10.44,0.07,43332.95,7.2398,5.222,8.65,0.55,7256.25,3.72,1.12,11.37,11
?603788,0.9125,311.3333333,1814,814,3.09,3420,3078,13,1.3,10.28,34.27,14.8,19.4,18.13,0.3117,61.85,75,0.31,0.32,2.78,0.3,30904,4.9632,3.0698,4.2564,0.65,2401.57,1.62,0.63,16.81,8
?603799,0.792207792,1338.785714,3714,0,3.7,9100,8190,27,2.7,4.77,31.21,6.87,22.94,38.67,0.5343,123.14,162,0.53,0.13,4.82,0.07,184085,81.4688,24.1431,32.7219,1.15,1705.67,4.68,0.74,16.81,13
?603806,0.981481481,319.6666667,943,375,15.71,6000,5400,18,1.8,27.18,36.07,39.14,22.28,28.44,1.5161,36.77,206,1.51608,0.56,5.89,2.32,157136.5,23.5908,20.1404,11.3853,2.16,26.52,14.65,0.63,10.92,4
?603808,0.681818182,802.8888889,2467,814,7.28,4000,3600,16,1.6,19.16,43.96,27.59,22.81,38.84,0.804,76.1,87,0.804,0.2449,5.19,0.14,72819.66,8.0024,6.2289,5.375,1.03,21971.65,2.43,0.86,16.17,5
?603818,0.229166667,282.1111111,2544,663,5.08,6052,5447,24,2.4,8.98,13.35,12.93,22.99,45.97,0.5748,77.57,80,0.5748,0.241,3.48,0.08,50779.96,9.6091,6.3118,10.9376,1,12363.06,2.98,0.55,16.95,9
?603828,0.842696629,169.5625,787,814,4.73,3000,2700,12,1.2,17.2,28.5,24.77,22.93,27.79,0.9564,71.48,89,0.9564,0.2676,4.9,0.1,51084.9,18.9693,4.7556,18.443,0.92,7620.56,2.82,0.74,21.44,3
?603885,0.909090909,398.7777778,8430,1182,7.16,6800,6120,20,2,11.18,29.99,16.1,22.98,36.44,0.3059,213.72,216,0.3059,0.0752,4.01,0.04,255800,79.3222,21.1916,66.4686,4.15,48898.82,8.76,0.86,23.71,17
?603889,1,384.6666667,1493,814,4.31,2668,2401,10,1,17.95,12.14,25.85,21.63,33.42,0.4283,87.67,114,0.43,0.21,6.06,0.2,43057,11.1907,5.6195,12.3432,0.92,833.8,3.92,0.74,16.81,3
?603898,0.4375,241.125,2794,814,4.3,2450,2205,9,0.9,19.57,34.02,28.18,19,36.4,0.9067,88.59,106,0.9067,0.2106,4.47,0.08,42970,5.6649,3.8188,9.0108,1.43,2003.67,2.54,0.74,43.25,6
?603899,0.979166667,254.1538462,1408,814,7.89,6000,5400,18,1.8,13.15,17.66,18.94,22.99,70.83,0.6904,73.47,103,7.89,0.23,2.93,2.32,148141.01,16.262,12.1298,23.4493,2.66,5448.78,6.4,0.68,26.43,8
?603918,0.697478992,162.7777778,3100,814,1.71,2200,1980,8,0.8,9.5,68.32,13.68,22.99,143.54,0.2132,248.73,247,0.2132,0.077,4.02,0.03,21023.96,5.941,2.6549,5.8794,0.38,6044.51,1.23,0.58,15.31,17
?603939,0.4,72.5,5518,0,7.26,4000,3600,16,1.6,19.47,30.15,28.04,22.93,30.91,0.9233,73.04,96,0.9233,0.2541,4.92,0.11,81588.21,12.5095,5.9576,22.3023,1.42,19773.6,2.56,0.74,26.22,5
?603968,0.714285714,672.6363636,881,0,4.59,2556,2300,10,1,19.58,24.9,28.2,22.98,54.39,0.5811,184.9,187,0.5811,0.1006,6.81,0.05,53721,13.0415,5.586,3.2732,0.36,6508.56,3.75,0.74,16.81,13
?603969,0.144,66.29411765,1940,0,6.35,5000,4500,20,2,13.79,12.34,19.86,22.61,40.07,1.1068,58.79,79,1.1068,0.3178,5.09,0.08,64774.2,14.0254,7.7021,16.2665,1.19,28626.23,3.07,0.8,16.96,4
?603988,0.87654321,281.625,1028,814,2.67,2000,1800,8,0.8,14.88,48.8,21.43,21.97,27.61,0.4876,117.18,162,0.49,0.18,5.3,0.2,26749,5.3171,3.1806,1.7638,0.31,8082.35,1.63,0.51,10.12,9
?603989,0.830508475,1132.375,3659,814,9.87,5000,4500,20,2,20.74,26.66,29.87,22.99,72.69,0.6409,164.21,168,0.947,2.75,5.43,2.32,98719,11.6728,8.141,11.7382,1.83,8874.04,4.78,1.2,26,13
?603997,0.6875,248.2631579,1990,79,4.4,6000,5400,18,1.8,7.97,17.89,11.48,17.33,19.82,0.4551,167.2,202,0.4551,0.0979,2.03,0.07,69655,10.6677,7.826,10.2112,2.02,1705.67,4.68,0.74,16.81,6
?603998,0.573770492,1968.545455,1345,0,3.69,2726,2453,10,1,14.85,13.15,21.38,22.85,41.21,0.5128,154.28,216,0.51,0.12,4.89,0.12,36894.25,5.3031,4.5343,3.0155,0.67,5468.03,2.6,0.77,16.27,7
