?002705,0.51264245,0.015654733,0.026542506,0.140874685,0.025013484,0.017005926,0.017353164,0.018010292,0.1650758,0.122887991,0.170272064,0.528356225,0.068357008,0.187190232,0.358856429,0.327089337,0.042246705,0.245922984,0.172307692,0.0814367,0.004051558,0.013290358,0.023483955,0.051794335,0.019740826,0.003295587,0.019968518,0.195906433,0.28457762,1
?002706,0.924659702,0.013671142,0.010505089,0,0.012675297,0.00297346,0.00253159,0.002572899,0.326034063,0.16648809,0.336695421,0.407842268,0.093227323,0.267320414,0.536268915,0.293948127,0.060326645,0.353195097,0.368205128,0.123518255,0.001742367,0.001103072,0.004471969,0.016754918,0.004602156,0.012814379,0.007150888,0.160818713,0.630269172,1
?002707,0.660968661,0.549166727,0.017705562,0,0.005022923,0.001180108,0.001530729,0.002572899,0.401834176,0.124536388,0.414067684,0.350465219,0.149124933,0.194358767,0.671237544,0.422910663,0.043864135,0.120608365,0.306666667,0.069108582,0.000310765,0.001797448,0.002381226,0.068028021,0.003512171,0.003933774,0.005396897,0.157894737,0.240223464,10
?002708,0.199038461,0.01634611,0,0,0.011832524,0.005977841,0.007521176,0.010291595,0.190903987,0.068985412,0.196947578,0.488701817,0.127599748,0.353853353,0.388212248,0.21037464,0.079857669,0.154242867,0.323076923,0.084518729,0.001583146,0.001866384,0.007331579,0.016249346,0.003027734,0.043027942,0.005217,0.058479532,0.099373625,1
?002709,1,0.035724098,0,0,0.009944714,0.005181654,0.006623345,0.009433962,0.224218604,0.478859309,0.231055076,0.484049623,0.106510884,0.237093446,0.704993896,0.358069164,0.053507378,0.035626158,0.354871795,0.233285917,0.001042774,0.001650488,0.008166232,0.014938436,0.003996609,0.033384879,0.008320216,0.078947368,0.116471982,2
?002711,0.83048433,0.154239004,0,0,0.018203883,0.007093533,0.003300634,0.012006861,0.310874041,0.173493777,0.317451891,0.420912716,0.085712901,0.398693923,0.496295034,0.283861671,0.321200716,0.714189575,0.323076923,0.027382646,0.002773553,0.002561385,0.009113953,0.016896411,0.006661015,0.003295587,0.016865302,0.119883041,0.172585069,2
?002712,0.942698929,0.050418088,0.007791714,0.085576114,0.009304207,0.002919351,0.00404392,0.006432247,0.439827812,0.90332152,0.453351029,0.394993354,0.10854705,0.20807896,0.667489992,0.368876081,0.046957727,0.203523643,0.486153846,0.100047416,0.001108096,0.001333069,0.007078716,0.039937989,0.004238828,0.010930582,0.012862604,0.128654971,0.135630608,4
?002713,0.005762028,0.014049753,0.022667765,0.089045416,0.015540723,0.005465086,0.006785249,0.009433962,0.36159461,0.188988708,0.369210352,0.710899424,0.090560915,0.102103763,0.516281975,0.277377522,0.037343562,0.059362242,0.168205128,0.027382646,0.002276194,0.001978562,0.003892235,0.074612208,0.008235437,0.015748925,0.003283112,0.18128655,0.384320298,4
?002715,0.033760683,0.023045874,0.01890916,0.122266611,0.00677589,0.003349652,0.004106474,0.006003431,0.158712334,0.212478365,0.162043796,0.449490474,0.044892616,0.061070813,0.402804985,0.19092219,0.037343562,0.059362242,0.221538462,0.027382646,0.00077238,0.001427699,0.003121312,0.008302798,0.00193775,0.012460522,0.004317517,0.055555556,0.115286948,8
?002716,0.735819735,0.041064868,0,0,0.023260518,0.012159237,0.006196507,0.018439108,0.237132697,0.085551801,0.242203052,0.377270713,0.112813303,0.509348876,0.217357976,0.122478386,0.114948861,0.568412125,0.405128205,0.076576577,0.003720694,0.009676223,0.017703061,0.105417455,0.008719874,0.03061186,0.024690803,0.102339181,0.132723887,1
?002718,0.941880342,0.019885297,0.004656024,0.085576114,0.005393743,0.000798763,0.000187661,0.002144082,0.492981471,0.407154043,0.503384207,0.40651307,0.108837931,0.409755164,0.566192545,0.270172911,0.092471908,0.374065493,0.347692308,0.109174964,0.000380386,0.000309367,0.002185926,0.006794469,0.003391062,0.001032871,0.005981561,0.175438596,0.238022685,2
?002719,0.269778654,0.012181391,0.006186917,0.085576114,0.009944714,0.003323886,0.00283332,0.006861063,0.443571028,0.287645265,0.453085601,0.740141781,0.199883648,0.43785497,0.465888766,0.252161383,0.098813791,0.497419018,0.202051282,0.118895211,0.001232389,0.000823254,0.003335115,0.009233409,0.001695531,0.008853973,0.005486845,0.038011696,0.099373625,1
?002721,0.258368945,0.018076608,0.013313485,0,0.007787217,0.008196341,0.007009707,0.006003431,0.166011604,0.115717465,0.169608494,0.431989366,0.109516653,0.218799855,0.15552338,0.21037464,0.049376501,0.443354351,0.262564103,0.027382646,0.000825826,0.004939683,0.009854039,0.101788966,0.01320092,0.024743502,0.013087475,0.201754386,0.330116811,2
?002723,0.279558405,0.013551797,0.005585118,0,0.009169364,0.003439835,0.004286776,0.006003431,0.218978102,0.120415396,0.223755806,0.356003545,0.092548601,0.410244411,0.464667973,0.206772334,0.092583085,0.176601083,0.32,0.075746799,0.0010886,0.001269459,0.004367124,0.016726396,0.002301078,0.005288679,0.00836519,0.068128655,0.112070425,1
?002724,0.60042735,0.000245891,0.020756789,0.093776283,0.013450647,0.010306622,0.014335862,0.016295026,0.134755755,0.114398747,0.137624419,0.366415596,0.097202695,0.090744719,0.277659484,0.123198847,0.020685616,0.00264813,0.128205128,0.001422475,0.002842205,0.003019968,0.018141768,0.023414046,0.004117718,0.00403306,0.023566449,0.00877193,0.060944642,9
?002725,0.38974359,0.015959268,0.03921196,0.085576114,0.01355178,0.003864983,0.003296954,0.007718696,0.256035935,0.120250556,0.261446583,0.227957466,0.043632133,0.339962987,0.356556795,0.150576369,0.076722944,0.312584157,0.421538462,0.191441441,0.001903909,0.001444306,0.006379746,0.022911829,0.006176577,0.02670672,0.007690578,0.187134503,0.220755036,1
?002726,0.660968661,0.021866831,0.036593606,0.18902439,0.016788026,0.011489307,0.015855552,0.017581475,0.151787385,0.081265969,0.155009954,0.295746566,0.074901828,0.141115909,0.483235386,0.311239193,0.031822917,0.003000754,0.397948718,0.03200569,0.00251134,0.003354151,0.016745061,0.176584053,0.013806467,0.069233466,0.013267371,0.187134503,0.231928221,7
?002727,0.847435897,0.002595953,0.029023607,0.137825904,0.025249461,0.014197372,0.019336488,0.021440823,0.196893131,0.135745488,0.201061712,0.159946832,0.057303534,0.096360426,0.660761434,0.475504323,0.021745831,0.000654983,0.384615385,0.027382646,0.004096606,0.005973098,0.019148284,0.198301858,0.028702919,0.03182147,0.02716438,0.340350877,0.439986457,9
?002728,0.466442483,0.130958182,0.023554626,0.150546678,0.010854908,0.003864983,0.006056681,0.007718696,0.23058207,0.138630182,0.235434638,0.2496677,0.130508557,0.044287507,0.568861255,0.30259366,0.009994576,0.003227024,0.313846154,0.004148886,0.002604797,0.000899084,0.004757725,0.019117798,0.00956764,0.007945427,0.008140319,0.292397661,0.434569155,8
?002729,0.128205128,0.033177314,0.049030787,0.090622372,0.005730852,0.001721206,0.003300634,0.004716981,0.191278308,0.624577598,0.19535501,0.289322109,0.178794784,0.043713174,0.421514351,0.15778098,0.009864672,0.001324065,0.21025641,0.003319109,0.001190306,0.000399516,0.001322904,0.004772738,0.00181664,0.004753353,0.003283112,0.081871345,0.164042661,7
?002730,0.398219373,0.003454309,0.011486972,0.074537426,0.008899676,0.00687194,0.009920299,0.011578045,0.119595733,0.098821396,0.122096881,0.295968099,0.220972512,0.060815554,0.274735258,0.109510086,0.013725283,0.002206775,0.299487179,0.00284495,0.001036171,0.002367487,0.007798039,0.015532372,0.002906625,0.024546574,0.009714414,0.049707602,0.090909091,7
?002731,0.004095441,0.016866699,0.010578994,0.055719092,0.013787756,0.007132182,0.010255146,0.011578045,0.19165263,0.154207533,0.195620438,0.244793974,0.086730984,0.109485014,0.284444823,0.105907781,0.024526065,0.001986097,0.351794872,0.001541015,0.001947923,0.003898026,0.009261764,0.100548524,0.005086593,0.006071659,0.016865302,0.093567251,0.135601828,10
?002732,0.426254657,0.021243358,0.016164112,0.09009672,0.011630259,0.007562484,0.010810771,0.012006861,0.158150852,0.168795846,0.16151294,0.368630926,0.133562806,0.078853885,0.264883741,0.095821326,0.01780528,0.002427452,0.158974359,0.001422475,0.001725553,0.001270337,0.005376108,0.038507398,0.00762989,0.003295587,0.019968518,0.195906433,0.28457762,8
?002733,0.654690303,0.020040857,0.015372271,0.106286796,0.013484358,0.006183973,0.009037186,0.010720412,0.214860565,0.167394709,0.219376244,0.356225078,0.098511659,0.06970709,0.284899072,0.113832853,0.015885055,0.001986097,0.506666667,0.001541015,0.003091793,0.003981282,0.011704253,0.051794335,0.019740826,0.032044776,0.016550483,0.195906433,0.28457762,7
?002734,0.875457875,0.045168015,0.014422062,0.085576114,0.007652373,0.003864983,0.006056681,0.007718696,0.168631855,0.206544136,0.17213006,0.371067789,0.141271149,0.115994129,0.075547228,0.020893372,0.025966233,0.007503034,0.501538462,0.027382646,0.001074692,0.002363225,0.007751989,0.031748722,0.004238828,0.003295587,0.019968518,0.195906433,0.28457762,8
?002735,0.547958215,0.01196657,0.024040289,0.098612279,0.005124056,0.002576656,0.004400845,0.006003431,0.141306382,0.302233578,0.144260119,0.360655738,0.128036069,0.033587884,0.387332141,0.113112392,0.007724102,0.001324065,0.29025641,0.002015173,0.000326602,0.000769077,0.00327673,0.018841523,0.002422187,0.003295587,0.019968518,0.195906433,0.28457762,11
?002737,0.883284293,0.135609143,0.051427425,0.139297729,0.042104908,0.006828137,0.009865105,0.011578045,0.652255287,0.239512075,0.665958859,0.370846256,0.166529306,0.099742613,0.063538029,0.041786744,0.02260584,0.008385744,0.612307692,0.004148886,0.007248937,0.00688174,0.016405444,0.103755889,0.026038513,0.003295587,0.019968518,0.195906433,0.28457762,3
?002739,1,0.072294085,0.014949956,0.160849453,0.04180151,0.012883278,0.017647535,0.01457976,0.368145237,0.62391824,0.375846052,0.370624723,0.279342609,0.147433579,0.250347784,0.132564841,0.033167074,0.001986097,0.371282051,0.000829777,0.011987858,0.012914562,0.056731698,0.217910688,0.081748819,0.003295587,0.019968518,0.195906433,0.28457762,11
?002740,0.788105413,0.017014851,0.06663077,0,0.012135922,0.003864983,0.006056681,0.007718696,0.276997941,0.09132119,0.282813537,0.272264067,0.098899501,0.164323243,0,0,0.037007522,0.020743683,0.504615385,0.002370792,0.001640638,0.002210406,0.008070226,0.037283734,0.007266562,0.003295587,0.019968518,0.195906433,0.28457762,5
?002741,0.211233211,0.033765293,0.013619663,0.117430614,0.011057174,0.005153311,0.007712517,0.009433962,0.1989519,0.143328113,0.203185136,0.367080195,0.148543172,0.04866946,0.220793232,0.060518732,0.011084495,0.002952665,0.253333333,0.002015173,0.001438765,0.001670605,0.005104743,0.043214144,0.007993218,0.005207597,0.009219699,0.198830409,0.335534112,7
?002742,0.956410256,0.01891305,0.027017611,0.085576114,0.014799083,0.003607318,0.005725514,0.00728988,0.349803481,0.227478777,0.357133378,0.295968099,0.082852572,0.18755185,0.021491639,0.002881844,0.042288139,0.013734966,0.756923077,0.002015173,0.002139907,0.004028911,0.011707337,0.071022308,0.011989827,0.003295587,0.019968518,0.195906433,0.28457762,5
?002743,0.371458753,0.011190624,0.03921196,0.085576114,0.008090615,0.005240917,0.007826586,0.009433962,0.103687067,0.077721915,0.105905773,0.369517058,0.157463519,0.128267852,0.067115237,0.018731988,0.028947381,0.008158446,0.326153846,0.027382646,0.007110582,0.009022082,0.00878112,0.102564662,0.004723265,0.003295587,0.019968518,0.195906433,0.28457762,9
?002745,0.889446303,0.008107209,0.013049538,0.045416316,0.029530744,0.008889461,0.012514443,0.009862779,0.370952648,0.217588395,0.37876576,0.360434205,0.221214912,0.205909255,0.133889788,0.037463977,0.046469428,0.00388613,0.185641026,0.001659554,0.005378256,0.015747556,0.028351459,0.22374882,0.052924791,0.003295587,0.019968518,0.195906433,0.28457762,5
?002746,0.788105413,0.009190571,0.025539508,0.132989907,0.005798274,0.007691317,0.010976355,0.012435678,0.067377878,0.2686887,0.068745853,0.370624723,0.497115431,0.047265534,0.252391903,0.064121037,0.010604439,0.002429659,0.524102564,0.001541015,0.001293652,0.004172987,0.014063072,0.096965335,0.005086593,0.048474269,0.017000225,0.087719298,0.096157102,10
?002747,0.414153846,0.010536903,0.034999367,0.158536585,0.005730852,0.005153311,0.007712517,0.009433962,0.095826315,0.394214127,0.097810219,0.364200266,0.233286469,0.047265534,0.388524544,0.103746398,0.010666846,0.001341719,0.141538462,0.000948317,0.000511693,0.000793674,0.003113706,0.020457789,0.002664406,0.005731909,0.005082078,0.061403509,0.163365499,19
?002748,0.778591778,0.060960453,0.030955699,0.120164003,0.013619202,0.005153311,0.007712517,0.009433962,0.256410256,0.218495014,0.261844725,0.370624723,0.162650894,0.092829338,0.033415666,0.00648415,0.020949647,0.011810659,0.431794872,0.002015173,0.002449989,0.002206176,0.008320005,0.058555248,0.009688749,0.015143106,0.012862604,0.245614035,0.267309971,6
?002749,0.986161986,0.060449329,0.022900038,0.085576114,0.011630259,0.002254574,0.002745009,0.005574614,0.472393786,0.530206874,0.482282681,0.226849801,0.16449314,0.110229521,0.137608949,0.033861671,0.024876506,0.045486042,0.540512821,0.001659554,0.001611323,0.001030878,0.00604938,0.032584258,0.014775342,0.000137871,0.01358219,0.581871345,0.582021331,5
?002752,0.811649256,0.015728809,0.035421682,0.342514718,0.010585221,0.012883278,0.017647535,0.01457976,0.075987273,0.170114564,0.077637691,0.370624723,0.208900955,0.076003489,0.193765437,0.047550432,0.017152403,0.002665784,0.107692308,0.001422475,0.002682351,0.006814527,0.01755011,0.104558989,0.013079811,0.005600526,0.023386553,0.070175439,0.208058236,10
?002755,0.360030731,0.027237343,0.03921196,0.140874685,0.005494876,0.00395259,0.00617075,0.007718696,0.108740408,0.251380532,0.111081619,0.31590607,0.092306201,0.031248006,0.407744939,0.100144092,0.007052595,0.001178418,0.285128205,0.027382646,0.00052247,0.001303802,0.004418724,0.026284736,0.004359937,0.000414742,0.00912975,0.195906433,0.199255121,17
?002756,1,0.021616824,0.031061278,0.15979815,0.033643474,0.010306622,0.014335862,0.016295026,0.375444507,0.313772356,0.38341075,0.260079752,0.272070587,0.065793112,0.455923686,0.11167147,0.014848134,0.000988635,1,0.027382646,0.00818968,0.005792078,0.03258105,0.224707954,0.031730653,0.00738212,0.058196537,0.494152047,0.283223294,13
?002757,0.754202279,0.008345899,0.668852147,0.135302775,0.010821197,0.004467921,0.006833084,0.008147513,0.210743028,0.293991593,0.215129396,0.371067789,0.316817763,0.032907192,0.384379525,0.095821326,0.037343562,0.059362242,0.268717949,0.027382646,0.002283806,0.001445027,0.004698723,0.030324842,0.007387671,0.010947239,0.007375759,0.204678363,0.28457762,14
?002758,0.44059829,0.004740866,0.048386756,0.12783852,0.007450108,0.001030662,0.002413841,0.003859348,0.306195022,0.578587324,0.312674187,0.371067789,0.224075241,0.018570122,0.457740681,0.11167147,0.037343562,0.059362242,0.516923077,0.027382646,0.000988225,0.001850058,0.00329955,0.06392416,0.005328812,0.016643693,0.005082078,0.298245614,0.29964449,14
?002760,0.869811966,0.010131954,0.032887791,0.111438183,0.004955502,0.003091987,0.005063179,0.006432247,0.124087591,0.268276601,0.126741871,0.370846256,0.275221797,0.037416775,0.266984641,0.062680115,0.008444186,0.002317114,0.448205128,0.00011854,0.000971198,0.002394341,0.00567502,0.029155426,0.004238828,0.02134621,0.007555655,0.143274854,0.167259184,11
?002761,0.468337218,0.051178303,0.03697369,0.16558032,0.006236516,0.005153311,0.007712517,0.009433962,0.104810032,0.265804006,0.106967485,0.36597253,0.290541523,0.012486439,0.235755046,0.056195965,0.002817929,0.002674611,0.301538462,0.000355619,0.001139479,0.001608374,0.005986062,0.037539316,0.005207703,0.016382919,0.008320216,0.125730994,0.197562214,12
?002765,0.618589743,0.042848865,0.040858989,0.172834315,0.012068501,0.010821953,0.014998197,0.016723842,0.112109302,0.148190884,0.114399469,0.371067789,0.081495128,0.025355768,0.20177157,0.046829971,0.005722268,0.003217478,0.212307692,0.027382646,0.004293109,0.003129952,0.009799354,0.043611778,0.009930968,0.049052205,0.005217,0.131578947,0.28457762,10
?002766,0.794871795,0.012099084,0.04269606,0.16568545,0.01055151,0.009224427,0.01294496,0.01457976,0.109489051,0.223687464,0.111745189,0.367523261,0.33877927,0.031099104,0.517247253,0.126801153,0.00701842,0.000706168,0.273846154,0.027382646,0.001830472,0.00289325,0.009626668,0.04305755,0.00762989,0.030682779,0.010568923,0.195906433,0.197223633,11
?002767,0.824205972,0.039093211,0.054742599,0.091778806,0.010753776,0.003864983,0.006056681,0.007718696,0.246865057,0.341383005,0.252023889,0.358883474,0.397488728,0.037991108,0.205291997,0.048270893,0.008573801,0.003107139,0.234871795,0.00011854,0.001379836,0.000701331,0.003568037,0.017104457,0.007872109,0.008451053,0.005396897,0.239766082,0.409514136,9
?002773,0.805555555,0.027196601,0.033595169,0.267872161,0.019417476,0.009172894,0.012878727,0.010720412,0.223469961,0.496002637,0.228135368,0.371067789,0.289862801,0.013039501,0.028560884,0.196685879,0.289997072,0.010632241,0.243076923,0.027382646,0.003615015,0.005559732,0.030695064,0.051794335,0.019740826,0.027619266,0.037688329,0.195906433,0.28457762,7
?002776,0.976884227,0.049507477,0.020081085,0.085576114,0.018945523,0.004179335,0.006461441,0.007718696,0.404454426,0.211819006,0.413005972,0.371067789,0.357541087,0.092403905,0.381767595,0.097262248,0.020853636,0.001341719,0.363076923,0.027382646,0.003494174,0.001158503,0.004595111,0.009046616,0.003633281,0.015883612,0.005306949,0.096491228,0.127475876,5
?300358,0.505982906,0.075516392,0.043234512,0.085576114,0.008427724,0.002125741,0.001806701,0.002144082,0.717200075,0.202093464,0.738686131,0.559813912,0.184418481,0.262385399,0.245975641,0.233429395,0.059213666,0.49740704,0.433846154,0.095305832,0.000946453,0.001212744,0.002185926,0.022575154,0.008235437,0.014913694,0.002248707,0.289473684,0.616895209,1
?300359,0.326712411,0.050783231,0.058596225,0,0.004045307,0.001623293,0.001376184,0.004716981,0.535841288,0.184785296,0.555938952,1,0.293886653,0.321116334,0.56908838,0.331412104,0.072469012,0.350435838,0.174358974,0.118776671,0.000126095,0.0001505,0.001639085,0.004753164,0.002906625,0.008233313,0.002743423,0.105263158,0.226510919,1
?300360,0.93093806,0.013671142,0.050635584,0,0.007011866,0.002545736,0.002167306,0.005574614,1,0.117448282,0.83583278,0.596809925,0.161632811,0.442449639,0.180677398,0.136167147,0.099851352,0.255605274,0.463589744,1,0.000679887,0.00192874,0.006330407,0.019310184,0.00944653,0.004105891,0.014076906,0.298245614,0.330286101,1
?300362,0.309380605,0.013671142,0.080070949,0.085576114,0.016484628,0.004045349,0.005129413,0.00728988,0.193149916,0.435176791,0.199071002,0.778688525,0.241431134,0.226266193,0.3205292,0.191642651,0.051064709,0.273083584,0.254358974,0.257349455,0.002453358,0.003503617,0.004251999,0.013876399,0.00193775,0.019133696,0.004677311,0.045730994,0.095987811,1
?300364,0.713494643,0.071833756,0.016238017,0.040054668,0.00562972,0.005153311,0.007712517,0.009433962,0.096013476,0.652847606,0.098075647,0.368630926,0.127454307,0.076450193,0.244470942,0.068443804,0.017325224,0.00264813,0.135384615,0.000948317,0.00063675,0.000654329,0.003031885,0.009288217,0.000968875,0.003295587,0.019968518,0.195906433,0.28457762,14
?300365,0.35042735,0.009201888,0.017557752,0.085576114,0.007820928,0.000535944,0,0.002144082,0.777278682,0.268523861,0.800530856,0.795968099,0.224317642,0.399906405,0.384038838,0.233429395,0.090250824,0.219061706,0.302564103,0.093172119,0.000832049,0.000210349,0.001495179,0.003242599,0.001332203,0.003379414,0.004317517,0.073099415,0.123243609,1
?300366,0.743589744,0.008885008,0.036952574,0.085576114,0.003505933,0.001105385,0.000930948,0.001286449,0.307505147,0.480837386,0.314001327,0.461896323,0.224317642,0.193699347,0.436390995,0.219740634,0.043712277,0.224692386,0.326153846,0.027382646,2.65E-05,0.000255158,0.001610304,0.006382293,0.00193775,0.001628758,0.00391275,0.087719298,0.158557643,3
?300368,0.429435063,0,0,0,0.006472492,0.001412007,0.002332889,0.004288165,0.319857758,0.339569768,0.329661579,0.334514843,0.071556698,0.237774138,0.09249638,0.236311239,0.053659204,0.31933171,0.401025641,0.116761498,0.00070689,0.000515548,0.003232325,0.004287299,0.002058859,0.006435622,0.006791095,0.087719298,0.118164889,4
?300370,0.576210826,0.004228319,0.047816631,0.085576114,0.005022923,0.000888946,0.000588742,0.003001715,0.633164889,0.093793786,0.652422031,0.737926451,0.196490037,0.411669609,0.48658547,0.299711816,0.092902984,0.331698314,0.298461538,0.102536747,0.000307292,0.000888117,0.001630862,0.014491586,0.005207703,0.00021733,0.004947155,0.28248538,0.394421872,1
?300371,0.491452991,0.015811116,0.05254656,0,0.007079288,0.000515331,0.000426838,0.003001715,0.715141306,0.174647655,0.736695421,0.728400532,0.163378097,0.493607879,0.135167362,0.250720461,0.111398286,0.366471735,0.226666667,0.040066382,0.000711416,0.000262365,0.000855827,0.006603202,0.00375439,0.001669395,0.003283112,0.213450292,0.2921957,1
?300373,0.637983486,0.049285249,0.031008489,0.085576114,0.008124326,0.002731255,0.00384154,0.006003431,0.333520494,0.106239182,0.343596549,0.449712007,0.092500121,0.258237434,0.184197825,0.247838617,0.058278154,0.184225163,0.325128205,0.136083452,0.00088878,0.000934806,0.004535699,0.013493864,0.005328812,0.017254807,0.006161457,0.169590643,0.245302184,3
?300374,0.2008547,0.048386048,0.065648887,0.085576114,0.009236785,0.003694924,0.005839583,0.00728988,0.215796369,0.128574961,0.220305242,0.370181657,0.085955301,0.105996469,0.039576413,0.007925072,0.023921194,0.010855125,0.393846154,0.001303936,0.0010973,0.002015129,0.005948852,0.011438018,0.001332203,0.020869512,0.008275242,0.032163743,0.058743863,6
?300375,0.745726496,0.016335346,0.040436674,0.085576114,0.007214132,0.00314352,0.001876614,0.004716981,0.33501778,0.112503091,0.342136695,0.397430217,0.094681728,0.36629725,0.327712006,0.2370317,0.082664059,0.569598257,0.499487179,0.027382646,0.000746575,0.001735718,0.008657566,0.026525218,0.006782124,0.017680124,0.013132449,0.198830409,0.184865414,1
?300376,0.686082094,0.011629188,0.055312724,0,0.006067961,0.003192476,0.004367728,0.006432247,0.312932809,0.186104014,0.319575315,0.183429331,0.092500121,0.30803429,0.582034466,0.298991354,0.069515859,0.110716043,0.715897436,0.027382646,0.000504994,0.003347884,0.011375326,0.028025717,0.00762989,0.009795176,0.021497639,0.222222222,0.163895378,11
?300377,0.205128205,0.008885008,0.022519954,0,0.006506203,0.000992012,0.000327488,0,0.372449934,0.545289706,0.380358328,0.595259194,0.224317642,0.479100636,0.451068904,0.245677233,0.10812123,0.21482732,0.195897436,0.027382646,0.000585825,8.13E-05,0.000913389,0.003493148,0.000363328,0.002045494,0.003283112,0.011695906,0.050110039,2
?300378,0.418803419,0.008908577,0.02199206,0.085576114,0.017428533,0.005153311,0.004400845,0.004288165,0.357289912,0.245858403,0.36483079,0.46832078,0.224850924,0.515177299,0.498026857,0.342939481,0.116266206,0.243873135,0.501538462,0.027382646,0.002629008,0.002239579,0.009483996,0.027974265,0.005207703,0.043349432,0.010613897,0.125730994,0.135771119,2
?300379,0.384615384,0.008247131,0.029625406,0.085576114,0.00377562,0.000736923,0.001563845,0.003430532,0.380310687,0.494106981,0.388321168,0.532565352,0.225529646,0.185807577,1,0.461095101,0.041934191,0.129144317,0.191794872,0.035087719,7.30E-05,0.000274272,0.001065518,0.004033954,0.001453312,0.006940495,0.002698448,0.070175439,0.144912815,5
?300380,0.307692307,0.00841586,0.040943452,0,0.005730852,0.001850039,0.001571205,0.004716981,0.406513195,0.295145471,0.415129396,0.749446167,0.224850924,0.363000149,0.595122505,0.270893372,0.081921017,0.421098119,0.161025641,0.020033191,0.000439912,0.000203769,0.001486956,0.004755401,0.001574422,0.009875582,0.002113785,0.052631579,0.135771119,2
?300381,0.414400414,0.009107236,0.023818573,0.085576114,0.005596009,0.000373615,0.00030541,0.003001715,0.49036122,0.355394379,0.500862641,0.389898095,0.199883648,0.332964625,0.554779547,0.229106628,0.075142315,0.303104507,0.544615385,0.056424846,0.000419629,0.000492047,0.003119257,0.009029278,0.003148843,0.00029534,0.008095345,0.187134503,0.183341798,1
?300382,0.864387465,0.002136682,0.028580177,0.085576114,0.007787217,0.000852873,0.000717529,0.003430532,0.626427101,0.213879502,0.639681486,0.355782012,0.071605178,0.314288145,0.536609602,0.288904899,0.070927637,0.283138664,0.434871795,0.030820294,0.000827433,0.000992148,0.003094587,0.00870211,0.00569214,0.000447921,0.007915449,0.292397661,0.341967158,1
?300383,0.671905156,0.007959057,0.03921196,0,0.010484088,0.000940479,0.000791122,0.003430532,0.685382744,0.225171021,0.699933643,0.699158175,0.221699714,0.291782774,0.264457883,0.377521614,0.242951577,0.770764195,0.445128205,0.043148412,0.001330006,0.00063932,0.00316654,0.007835255,0.003633281,0.01231171,0.005486845,0.184210526,0.207042492,2
?300384,0.957264957,0.009234811,0.03921196,0,0.012540453,0.000860603,0.002196743,0.003430532,0.542391915,0.361823127,0.553815528,0.326539654,0.128084549,0.095764821,0.293075547,0.161383285,0.02161029,0.002796072,0.471794872,0.003793267,0.002029312,0.00160474,0.002669038,0.019286695,0.00944653,0.000201929,0.007240837,0.564444444,0.643643135,7
?300385,0.855911681,0.0060516,0.035337219,0.166000841,0.008697411,0.002576656,0.004400845,0.006003431,0.244244806,0.211819006,0.249369608,0.353123615,0.109128812,0.061389887,0.813019902,0.438760807,0.01386882,0.001591093,0.425641026,0.014817449,0.000999451,0.001572778,0.004669325,0.023170767,0.006539906,0.022960788,0.005396897,0.253157895,0.299136618,8
?300386,0.454242234,0.002995964,0.01577347,0.187867956,0.020833333,0.003545478,0.004404524,0.006861063,0.588620625,0.140278579,0.601061712,0.229065131,0.215591215,0.079789836,0.575107174,0.39481268,0.037343562,0.059362242,0.326153846,0.027382646,0.007110582,0.001477834,0.007983266,0.047254249,0.024122563,1.29E-06,0.012802339,0.763157895,0.837988827,12
?300387,0.82010582,0.078372435,0.010663457,0.082317073,0.007719795,0.001352744,0.002078994,0.001715266,0.35186225,0.156432869,0.359256802,0.371732388,0.093421244,0.115058178,0.654032876,0.353746398,0.02596661,0.014368507,0.457435897,0.005571361,0.000466077,0.000585425,0.003600312,0.016857822,0.007024343,0.012472909,0.006161457,0.34502924,0.389029964,9
?300388,0.284267173,0.024700239,0.007781156,0.085576114,0.007753506,0.003107447,0.005081578,0.006432247,0.195770167,0.130470617,0.199867286,0.272928666,0.170844039,0.065452766,0.597734435,0.280979827,0.014772087,0.000590417,0.578461538,0.002726411,0.001886092,0.006209361,0.007960652,0.035644538,0.006903234,0.010543701,0.013852035,0.233918129,0.208227527,8
?300389,0.977889261,0.014724668,0.03921196,0.085576114,0.008798544,0.002489049,0.002899553,0.002144082,0.313494292,0.34946015,0.320106171,0.153522375,0.166917147,0.118163834,0.47923232,0.28314121,0.026665059,0.027521383,0.4,0.002370792,0.00101391,0.001553664,0.004710441,0.040764018,0.013564249,0.006193302,0.008994828,0.50877193,0.66006433,9
?300390,0.491452991,0.113089398,0,0.107758621,0.003369741,0.002447823,0.00293635,0.005574614,0.127082164,0.065111679,0.129794293,0.267168808,0.166383866,0.027738189,0.868750532,0.365994236,0.006260395,0.033165842,0.161025641,0.002133713,0,0.000372976,0.001637029,0.019294525,0.004238828,0.00241508,0.00391275,0.152046784,0.340951414,9
?300391,0.796581197,0.007160682,0.021802019,0.085576114,0.004685814,0.001718629,0.003296954,0.001715266,0.152723189,0.108876617,0.155938952,0.316127603,0.131041838,0.14205186,0.485364676,0.246397695,0.0320587,0.001044854,0.24,0.003556188,0.000246865,0.001241885,0.001620583,0.014233767,0.003996609,0.0089555,0.002923319,0.184210526,0.310309802,8
?300393,0.968608209,0.021084403,0.03921196,0.085576114,0.011798813,0.005122391,0.005556251,0.009005146,0.275874977,0.337097173,0.281619111,0.326096588,0.149755175,0.088298483,0.350594782,0.186599424,0.019925207,0.016771488,0.196923077,0.001541015,0.001837826,0.001417954,0.004536932,0.011982739,0.00762989,2.72E-05,0.00890488,0.178362573,0.360758422,6
?300394,0.965522237,0.045719311,0,0.085576114,0.009641316,0.002213347,0.002825961,0.005145798,0.369268201,0.722327536,0.377040478,0.278023926,0.221214912,0.094594882,0.203815689,0.05907781,0.021348093,0.012792674,0.4,0.000711238,0.001171063,0.000559448,0.004252616,0.01117181,0.010536514,0.012105951,0.007015966,0.195906433,0.526155409,6
?300396,0.854700855,0.097420103,0.010800709,0.085576114,0.014158576,0.001375934,0.002859077,0.003430532,0.521429908,0.247671639,0.532448573,0.322773593,0.124206138,0.126821382,0.370326207,0.207492795,0.028619983,0.001544742,0.823589744,0.002252252,0.002083118,0.001261406,0.006674958,0.011838449,0.005086593,0.018920903,0.011108613,0.260233918,0.177924496,7
?300399,0.811965811,0.008019244,0.03921196,0.039844407,0.005730852,0.002576656,0.004400845,0.006003431,0.177989893,0.264732548,0.181685468,0.312804608,0.26988898,0.046776286,0.432700224,0.149855908,0.010557393,0.001103387,0.306666667,0.001422475,0.007110582,0.013290358,0.023483955,0.051794335,0.019740826,0.003295587,0.019968518,0.195906433,0.28457762,12
?300400,0.056136752,0.005037684,0.03921196,0.085576114,0.004045307,0.002576656,0.004400845,0.002572899,0.110799176,0.175719113,0.113072329,0.329641117,0.136568575,0.112314139,0.358828038,0.126080692,0.02534648,0.001103387,0.18974359,0.002252252,0.000337165,0.000503923,0.002196411,0.00744489,0.00193775,0.004616406,0.004587362,0.064327485,0.138310479,10
?300401,0.132478633,0.012797148,0.015995186,0.085576114,0.004382416,0.003272352,0.005294996,0.006861063,0.099756691,0.155031732,0.101791639,0.329419584,0.133756727,0.049562868,0.54543906,0.174351585,0.011184826,0.000662032,0.664615385,0.002252252,0.001212982,0.001355755,0.009178093,0.003998161,0.001574422,0.006272511,0.018079604,0.043859649,0.045200609,11
?300402,0.008333333,0.003398752,0.03921196,0.085576114,0.006742179,0.010564288,0.01466703,0.016295026,0.052217855,0.099233495,0.053351029,0.319672131,0.136568575,0.0869371,0.316043494,0.115994236,0.019617971,0.002206775,0.158974359,0.002133713,0.000694272,0.003396954,0.007365089,0.017275591,0.002422187,0.014595219,0.009039802,0.020467836,0.078720163,11
?300403,0.894052706,0.021959426,0.03921196,0.085576114,0.020226537,0.006183973,0.009037186,0.010720412,0.329777279,0.343278662,0.336695421,0.349136021,0.097299656,0.097572908,0.258921727,0.113832853,0.037343562,0.059362242,0.316923077,0.027382646,0.007110582,0.013290358,0.023483955,0.051794335,0.019740826,0.003295587,0.019968518,0.195906433,0.28457762,8
?300404,0.680341881,0.142020201,0,0.11343566,0.006337648,0.001718629,0.003296954,0.004716981,0.209432903,0.288881563,0.213802256,0.371067789,0.297522664,0.027929633,0.643443205,0.161383285,0.006303136,0.000361911,0.283076923,0.000948317,0.000596481,0.000398044,0.001785046,0.007579672,0.004015986,6.23E-07,0.003153587,0.184210526,0.316742847,24
?300405,0.231990232,0.048997175,0.03921196,0.085576114,0.008427724,0.001803659,0.003407343,0.004716981,0.276436459,0.206791395,0.282282681,0.367966327,0.130799438,0.065303865,0.363171791,0.126080692,0.014924943,0.024936555,0.574358974,0.002015173,0.001527726,0.002852233,0.005130851,0.032767137,0.003633281,0.008242163,0.010029233,0.160818713,0.15354664,12
?300406,0.63014763,0.016329648,0.00781283,0.152754415,0.010113269,0.00543932,0.00586902,0.009433962,0.236571215,0.12354735,0.241539482,0.085068675,0.14810685,0.027908362,0.682395026,0.281700288,0.006283934,0.011475229,0.424615385,0.000711238,0.00126261,0.001426822,0.009390251,0.012897132,0.011747608,0.01619372,0.01412188,0.269005848,0.319112917,17
?300409,0.64021164,0.048152709,0.03921196,0.085576114,0.008562567,0.00161041,0.003160807,0.004716981,0.292345124,0.679139537,0.298473789,0.312804608,0.066660203,0.059198911,0.35207109,0.113832853,0.013484775,0.001544742,0.413333333,0.000948317,0.001471005,0.001220139,0.003688917,0.018900805,0.007024343,0.00748755,0.007555655,0.339181287,0.370069409,10
?300410,0.019230769,0.093049618,0.005585118,0.041631623,0.004483549,0.001288328,0.002745009,0.004288165,0.170503462,0.267205143,0.17412077,0.370624723,0.218403064,0.051626215,0.183175766,0.051152738,0.011564551,0.003751517,0.369230769,0.001541015,0.000214276,0.000621867,0.002539728,0.013594531,0.002906625,0.004873296,0.006116483,0.14619883,0.187743355,6
?300411,0.38974359,0.007195504,0.008826386,0.085576114,0.007348975,0.002576656,0.004400845,0.006003431,0.208122777,0.220802769,0.212475116,0.369738591,0.196393077,0.065261322,0.095420606,0.029538905,0.014924943,0.006399647,0.298461538,0.000948317,0.000909291,0.001392134,0.003419608,0.013478764,0.00375439,0.003295587,0.019968518,0.099415205,0.204672423,6
?300412,0.302564102,0.108839207,0.027249884,0.085576114,0.006135383,0.000876063,0.002215141,0.003430532,0.223095639,0.227313937,0.227737226,0.366637129,0.162990255,0.060730467,0.1455583,0.038184438,0.013484775,0.00441355,0.288205128,0.000829777,0.00090565,0.000303789,0.001593446,0.007536609,0.003996609,0.003624401,0.004542388,0.195906433,0.28457762,7
?300413,0.222222222,0.019462006,0.037417121,0.112489487,0.019012945,0.015459933,0.020959208,0.017152659,0.138124649,0.175554273,0.141074983,0.369073992,0.109613613,0.131139521,0.225023422,0.087175793,0.029806681,0.002427452,0.10974359,0.001541015,0.008647465,0.003628298,0.016436897,0.113747097,0.013079811,0.034394063,0.015516078,0.195906433,0.213644828,12
?300414,0.843041046,0.025231117,0.015002745,0.11932296,0.00940534,0.002852358,0.00475409,0.006003431,0.244431967,0.225171021,0.249635036,0.155294639,0.311194066,0.027759461,0.531045056,0.132564841,0.006264732,0.000699548,0.350769231,0.000355619,0.001131414,0.000943548,0.004093909,0.025482755,0.011626499,0.007081867,0.007645604,0.429824561,0.607584222,18
?300415,0.593162393,0.007333526,0.016069091,0.085576114,0.012169633,0.005153311,0.007712517,0.009433962,0.217855138,0.083820984,0.222428666,0.364643332,0.167983711,0.194507668,0.075632399,0.018011527,0.043728307,0.008165067,0.241025641,0.000711238,0.001644447,0.003393884,0.005140514,0.048439325,0.005934359,0.003403395,0.008410164,0.14619883,0.260876926,8
?300416,0.084615384,0.018070435,0.013862494,0.085576114,0.004820658,0.001468694,0.002976826,0.004288165,0.183417556,0.185856754,0.187259456,0.370624723,0.201677413,0.060709196,0.196718054,0.048991354,0.013484775,0.003310162,0.327179487,0.000829777,0.000691496,0.000705875,0.002886746,0.009538766,0.002422187,0.014634311,0.004182595,0.111111111,0.152700186,11
?300417,0.949145299,0.018016935,0.01582626,0.085576114,0.005528587,5.15E-05,0.001155406,0.002572899,0.26951151,0.560702217,0.275248839,0.3637572,0.204343821,0.1142924,0.146551969,0.037463977,0.025966233,0.00441355,0.411282051,0.000948317,0.000312658,0.000117849,0.001216825,0.005484678,0.002058859,0.005491695,0.003822802,0.195906433,0.28457762,10
?300418,0.541591429,0.071833756,0.009280375,0.112384357,0.044835491,0.015459933,0.020959208,0.023156089,0.348493356,0.189153548,0.355806238,0.371289322,0.54942551,0.127884963,0.193311189,0.077809798,0.028846569,0.003310162,0.321025641,0.001066856,0.007877308,0.004201847,0.017380713,0.080607492,0.03027734,0.031570126,0.022307173,0.195906433,0.43575419,12
?300419,0.948717949,0.011181364,0.012183792,0.085576114,0.009000809,7.73E-05,0.001188522,0.002572899,0.507767172,0.297700486,0.518513603,0.370181657,0.314733117,0.083193295,0.139511115,0.035302594,0.018765392,0.004854905,0.326153846,0.001659554,0.001052939,0.000413366,0.002150772,0.011075617,0.003996609,0.001501511,0.006836069,0.315789474,0.286101236,11
?300422,0.309829059,0.00827388,0.03921196,0.085576114,0.004213862,0.001417161,0.002910592,0.004288165,0.155717762,0.217835655,0.158991374,0.370846256,0.234692393,0.087192359,0.264060415,0.066282421,0.019677498,0.002317114,0.286153846,0.000592698,0.001375646,0.001344568,0.001763871,0.015627447,0.003512171,0.005765977,0.004092647,0.195906433,0.276790249,15
?300423,0.378442545,0.013246234,0.01010389,0.085576114,0.00640507,0.003091987,0.005063179,0.006432247,0.161332585,0.245281464,0.164698076,0.369073992,0.115916032,0.156303844,0.105726372,0.028818444,0.03527452,0.006450403,0.169230769,0.000711238,0.000569537,0.000964511,0.001977057,0.016955134,0.004965484,0.002027001,0.004542388,0.195906433,0.374809548,6
?300424,0.137011137,0.082084466,0.021453609,0.108389403,0.01129315,0.005995877,0.00879433,0.010291595,0.187160771,0.376905959,0.191108162,0.369295525,0.278906288,0.055561464,0.324844562,0.079971182,0.012539065,0.001761006,0.22974359,0.027382646,0.001484387,0.00215485,0.006812697,0.028423352,0.00956764,7.14E-05,0.013267371,0.195906433,0.328254613,25
?300425,0.2008547,0.009144274,0.03921196,0.085891505,0.008225458,0.002061324,0.00373851,0.005145798,0.253228523,0.210994808,0.258526875,0.311253877,0.165365783,0.044478952,0.284132527,0.075648415,0.010037972,0.002109677,0.573333333,0.001778094,0.000910099,0.001397179,0.006132845,0.013100703,0.006297687,0.003295587,0.019968518,0.195906433,0.28457762,10
?300426,0.326712411,0.049487929,0.009987753,0.085576114,0.014091154,0.002576656,0.004400845,0.006003431,0.395845031,0.497651034,0.404246848,0.370624723,0.271343385,0.073514709,0.190131448,0.054034582,0.016590738,0.00354408,0.426666667,0.000474158,0.00447515,0.002332047,0.004699751,0.022756914,0.010173186,0.006019833,0.009444569,0.195906433,0.47858473,10
?300427,0.617020154,0.013246234,0.007379957,0.085576114,0.006303937,0.00313579,0.005118374,0.006432247,0.164327157,0.48363966,0.167750498,0.268276473,0.116158433,0.167194912,0.109331971,0.025216138,0.037732407,0.005750855,0.332307692,0.000711238,0.000548372,0.000806804,0.004186419,0.014916625,0.006539906,0.006748436,0.007780526,0.228070175,0.318605045,6
?300428,0.962329851,0.119517551,0.009227586,0.085576114,0.00903452,0.002628189,0.004467078,0.006003431,0.243870485,0.340146707,0.248971466,0.371067789,0.159451205,0.104486184,0.101155495,0.024495677,0.023580354,0.006088492,0.335384615,0.001066856,0.001305749,0.001027995,0.003643484,0.038873714,0.006782124,0.008729064,0.00629638,0.195906433,0.372100897,6
?300429,0.958485958,0.05754061,0.009934963,0.085576114,0.009236785,0.002576656,0.004400845,0.006003431,0.265955456,0.819253276,0.271532847,0.275587062,0.16449314,0.122418157,0.145444738,0.034582133,0.027627227,0.004638641,0.255384615,0.000474158,0.001097623,0.000635466,0.002965894,0.01538249,0.007993218,0.008501024,0.005531819,0.195906433,0.28457762,10
?300430,0.877948718,0.010496161,0.013714684,0.085576114,0.008326591,0.001339861,0.002818601,0.004288165,0.322478009,0.299431303,0.329263437,0.369073992,0.227177971,0.077088341,0.140731908,0.034582133,0.017397232,0.00470043,0.535384615,0.000592698,0.000924762,0.001762008,0.003966655,0.017818634,0.006055468,0.016561297,0.006251405,0.312865497,0.308786186,8
?300431,0.179762889,0.012444772,0.025053845,0.104289319,0.00562972,0.005153311,0.007712517,0.009433962,0.102189781,0.473502019,0.104313205,0.370846256,0.701459252,0.037033886,0.538426596,0.137608069,0.008357776,0.00067748,0.162051282,0.000237079,0.003164349,0.000898551,0.003504924,0.021550027,0.004844374,0.00897351,0.005172026,0.195906433,0.267140681,29
?300432,0.694871795,0.028607749,0.010737362,0.085576114,0.012709008,0.005153311,0.007712517,0.009433962,0.230020588,0.11851974,0.234903782,0.146876385,0.064817957,0.085363,0.130057065,0.036023055,0.01926465,0.005243297,0.289230769,0.000711238,0.001747793,0.001888913,0.005794051,0.039075048,0.016349764,0.002996397,0.010478975,0.195906433,0.695446081,8
?300434,0.516880342,0.007934365,0.027355463,0.085576114,0.004989213,0.001803659,0.003407343,0.004716981,0.166385926,0.4518256,0.169873922,0.371067789,0.221651234,0.056752675,0.363143401,0.087896254,0.012807896,0.001463092,0.28,0.000829777,0.000375943,0.000378177,0.002115823,0.009616503,0.003633281,0.002118576,0.005351923,0.16374269,0.262231251,24
?300436,0.784252784,0.014033291,0.013007306,0.089045416,0.008731122,0.001932492,0.002413841,0.005145798,0.370391166,0.428583203,0.378234904,0.275587062,0.216124497,0.028610325,0.450160407,0.119596542,0.006456754,0.005207989,0.122051282,0.000711238,0.001002372,0.000180299,0.000785313,0.014182315,0.009930968,8.23E-05,0.002518552,0.418128655,1,22
?300438,0.963675213,0.136760804,0.012183792,0.087783852,0.009371629,0.002834321,0.004732012,0.006003431,0.246865057,0.887661749,0.252023889,0.371289322,0.159111844,0.060624109,0.466797263,0.114553314,0.013681598,0.000918018,0.588717949,0.000474158,0.001824135,0.002010147,0.007111815,0.039129297,0.007024343,0.031878862,0.008814931,0.260233918,0.235483325,9
?300439,0.537684537,0.014033291,0.007506651,0.085576114,0.024002157,0.004725586,0.007164252,0.007718696,0.483436272,0.191049205,0.493563371,0.371067789,0.216124497,0.090829806,0.2890157,0.072766571,0.020498394,0.001862518,0.334358974,0.000592698,0.004643872,0.001424722,0.006094608,0.033386239,0.016349764,4.13E-06,0.012187992,0.195906433,0.656678517,10
?300440,0.837606837,0.012206083,0.008763039,0.085576114,0.01881068,0.00463798,0.007050183,0.008576329,0.374695864,0.45166076,0.382614466,0.370846256,0.582537451,0.092871881,0.237941118,0.054034582,0.020959248,0.003102725,0.474871795,0.000711238,0.002931033,0.001931873,0.008343647,0.020257574,0.012958702,0.023611613,0.011603328,0.195906433,0.38039614,9
?300441,0.186324786,0.009967341,0.008562439,0.058557611,0.005831985,0.002865241,0.004772488,0.006003431,0.152161707,0.181570922,0.155408096,0.367301728,0.277500364,0.109655187,0.15921415,0.037463977,0.02474689,0.004115635,0.252307692,0.000474158,0.00085177,0.000992305,0.002868039,0.013762309,0.004602156,0.002257688,0.00629638,0.195906433,0.289317759,9
?300442,0.41517094,0.007934365,0.065311035,0.085576114,0.014192287,0.003864983,0.006056681,0.007718696,0.327344189,0.285914448,0.334173855,0.36154187,0.221651234,0.095849907,0.349629503,0.08573487,0.021631327,0.001595498,0.474871795,0.000829777,0.002026905,0.001808571,0.007174105,0.023579028,0.006903234,0.024077141,0.010299078,0.210526316,0.229727442,7
?300443,1,0.009819189,0.028168419,0.085576114,0.011259439,0.001048699,0.001504971,0.003859348,0.566348493,0.492541004,0.578234904,0.29751883,0.213409609,0.078960243,0.28166255,0.068443804,0.017819681,0.009418515,0.793846154,0.000948317,0.001476558,0.001428514,0.006211788,0.02538768,0.010778733,0.021222828,0.00966944,0.573099415,0.412899949,10
?300444,0.42866941,0.024403935,0.010146121,0.05803196,0.012473031,0.006310229,0.00919909,0.010291595,0.195583006,0.11810764,0.199734572,0.369073992,0.15455471,0.12771479,0.170882662,0.038904899,0.028822566,0.018808342,0.227692308,0.000711238,0.002426947,0.001683703,0.005700306,0.030426068,0.008719874,0.008900369,0.008769957,0.19005848,0.342136448,8
?300445,0.644017094,0.02663295,0.015952954,0.085576114,0.005360032,5.15E-05,0.001155406,0.002572899,0.307692308,0.321025303,0.314134041,0.371067789,0.30906094,0.074131586,0.237486869,0.057636888,0.016744356,0.002667991,0.421538462,0.027382646,0.000602091,0.000248483,0.00115659,0.007829662,0.003996609,6.18E-06,0.004632336,0.312865497,0.368545793,23
?300447,0.962329851,0.024667316,0.033067275,0.085576114,0.007079288,0.002641072,0.004485476,0.006003431,0.210181546,0.560042858,0.21459854,0.356003545,0.152470064,0.056008168,0.337080885,0.077089337,0.012639876,0.001807349,0.299487179,0.000948317,0.000695894,0.000525356,0.00322328,0.011425714,0.00569214,0.001879638,0.007195862,0.216374269,0.28457762,22
?300448,0.008547008,0.012040646,0.01263778,0.085576114,0.009573894,0.002576656,0.004400845,0.006003431,0.264083848,0.554767988,0.269674851,0.368852459,0.582537451,0.062432197,0.352667291,0.094380403,0.014089646,0.001571224,0.25025641,0.000355619,0.001161631,0.000647843,0.002557819,0.021553383,0.006661015,0.005022514,0.005172026,0.257309942,0.443880142,24
?300450,0.991863248,0.009110603,0.03921196,0.043103448,0.011090885,0.001803659,0.003407343,0.004716981,0.365524986,0.273716311,0.373191772,0.371067789,0.250206041,0.064963519,0.451125685,0.112391931,0.014660912,0.000990842,0.412307692,0.027382646,0.001685888,0.002235631,0.00356228,0.00472576,0.002785515,0.02142507,0.004092647,0.119883041,0.139834095,16
?300451,0.170940171,0.011366555,0.009185354,0.1627418,0.00677589,0.001803659,0.003407343,0.004716981,0.230956392,1,0.23583278,0.371067789,0.64488292,0.006955819,0.937711155,0.231988473,0.037343562,0.059362242,0.527179487,0.027382646,0.000669789,0.00095392,0.004694406,0.003830942,0,0.011094216,0.008500112,0.195906433,0.010834603,26
?300452,0.895299146,0.015616666,0.03921196,0.085576114,0.005022923,0.000412265,0.00161904,0.003001715,0.248549504,0.707986483,0.253749171,0.371289322,0.247636593,0.026951139,0.625528774,0.152017291,0.037343562,0.059362242,0.356923077,0.027382646,0.000365906,0.000312782,0.001203256,0.013338948,0.003996609,0.004292732,0.003687879,0.195906433,0.364990689,17
?300453,0.651282051,0.134471649,0.024948266,0.085576114,0.007753506,0.002540582,0.00435301,0.005574614,0.209432903,0.180581884,0.213802256,0.371067789,0.24686091,0.05181766,0.459131817,0.112391931,0.011694166,0.000915812,0.266666667,0.027382646,0.001264812,0.000673068,0.002705425,0.017970194,0.005813249,0.006171621,0.005261974,0.195906433,0.361774166,17
?300455,0.777777778,0.011551745,0.019151991,0.100925147,0.006809601,0.006441639,0.009368354,0.011149228,0.097323601,0.283936372,0.099402787,0.263181214,0.312018229,0.037608219,0.448684098,0.108069164,0.037343562,0.059362242,0.326153846,0.027382646,0.007110582,0.000957366,0.003600312,0.012681257,0.006412741,5.73E-07,0.004429053,0.131578947,0.348061622,22
?300456,0.167832168,0.087178075,0.15406056,0.091673675,0.008967098,0.002834321,0.004732012,0.006003431,0.230769231,0.60743427,0.235567352,0.371067789,0.312018229,0.046223224,0.580047128,0.149855908,0.037343562,0.059362242,0.326153846,0.027382646,0.002009797,0.000474218,0.002064429,0.009299402,0.006418796,0.003185268,0.00499213,0.236842105,0,18
?300458,0.89656671,0.082359165,0.012025423,0.085576114,0.014495685,0.007729967,0.01102419,0.012864494,0.206812652,0.561279156,0.211147976,0.302614089,0.315217918,0.056178341,0.510859382,0.125360231,0.037343562,0.059362242,0.326153846,0.027382646,0.0020788,0.003084736,0.017560183,0.092234541,0.050502604,0.002853498,0.033910501,1,0.882850855,21
?300459,0.598697599,0.048886061,0.03921196,0.080109336,0.005933118,0.004251482,0.006553432,0.008147513,0.115291035,0.207698014,0.117717319,0.370846256,0.223493479,0.033821871,0.43298413,0.105907781,0.007632892,0.001079113,0.366153846,0.027382646,0.001032322,0.001538436,0.006029233,0.02662197,0.004117718,0.033285652,0.005441871,0.195906433,0.155578128,17
?300460,0.241489207,0.082359165,0.013450737,0.1191127,0.008326591,0.008265911,0.011712282,0.012435678,0.088901366,0.1507459,0.090776377,0.370624723,0.312018229,0.036119206,0.527098771,0.128962536,0.008151352,0.000598036,0.13025641,0.027382646,0.001240734,0.001552568,0.005204449,0.005307952,0.000847766,0.010101689,0.006746121,0.195906433,0.041306924,17
?300462,0.603085262,0.003292268,0.031853119,0.105656013,0.00751753,0.001860345,0.003480936,0.003430532,0.235261089,0.310228303,0.240212342,0.370846256,0.316817763,0.039522665,0.492462312,0.120317003,0.037343562,0.059362242,0.329230769,0.027382646,0.000776522,0.00073041,0.002678289,0.01010362,0.006055468,0.01180334,0.004227569,0.271929825,0.371593025,15
?300463,0.969178969,0.013774025,0.016850374,0.103027754,0.033609763,0.009404793,0.010196272,0.015008576,0.491858506,0.652517926,0.502189781,0.371289322,0.246279149,0.032545574,0.435681231,0.110951009,0.007344858,0.0068079,0.381538462,0.027382646,0.005661683,0.003351644,0.013922455,0.011594611,0.00569214,0.002048238,0.025725208,0.076023392,0.101743694,13
?300464,0.698940171,0.010024955,0.321117868,0.110702271,0.005966828,0.002749291,0.004621623,0.006003431,0.159460977,0.329596967,0.16284008,0.364200266,0.272749309,0.023930569,0.284018965,0.067002882,0.005400631,0.002054507,0.262564103,0.000237079,0.00055914,0.001094487,0.002879551,0.02185091,0.004602156,0.013778983,0.003777828,0.169590643,0.268664297,11
?300465,0.179487179,0.010535257,0.019711559,0.156328848,0.011326861,0.006013914,0.008820088,0.009433962,0.179300019,0.525508943,0.183012608,0.369960124,0.659233044,0.026780966,0.750021293,0.185878963,0.006043906,5.08E-05,0.198974359,0.00011854,0.001853289,0.001606275,0.004867093,0.055649325,0.007750999,0.007737677,0.007735552,0.17251462,0.32994752,20
?300466,0.49773135,0.030218903,0.03781832,0.118376787,0.005865696,0.002576656,0.004400845,0.006003431,0.160396781,0.253688288,0.163769078,0.371289322,0.376302904,0.029907894,0.398943872,0.096541787,0.006749588,0.001229174,0.285128205,0.027382646,0.007110582,0.000766476,0.003057172,0.002390843,0.000242219,0.013629552,0.00445244,0,0.025901473,15
?300467,0.796581197,0.018897617,0.026014612,0.1627418,0.009911003,0,0.001089172,0.002572899,0.600224593,0.417044424,0.612873258,0.371289322,1,0.005870966,0.898021179,0.223342939,0.001324955,0.059362242,0.201025641,0,0.001360186,0,0,0.00234051,0.001574422,0.007511705,0,0.143274854,0.28457762,22
?300468,0.786324786,0.010074339,0.02567676,0.111543314,0.014394552,0.003864983,0.006056681,0.007718696,0.319670597,0.376658699,0.326343729,0.371067789,0.656857517,0.021803408,0.666638276,0.172190202,0.004920575,0.000291294,0.285128205,0.00011854,0.002144889,0.000643958,0.004328269,0.018853268,0.009930968,0.012888041,0.006026535,0.307017544,0.471474522,16
?300469,0,0.012099084,0.018845813,0.109650967,0.004854369,0.001726359,0.003307993,0.004288165,0.158338012,0.852303635,0.161645654,0.371067789,0.730692781,0.018378677,0.755699401,0.188760807,0.004147684,4.63E-05,0.161025641,0.00011854,0.001706089,0.0008356,0.00055527,0.001299165,0.002301078,1.58E-06,0.002383629,0.195906433,0.230235314,15
?300470,0.983726496,0.010073591,0.019933274,0.085576114,0.013821467,0.000860603,0.002196743,0.003430532,0.616133258,0.658534575,0.629064366,0.345813026,0.382362922,0.03499181,0.221900463,0.051873199,0.007896922,0.002804811,0.704615385,0.027382646,0.001956125,0.000992242,0.00487326,0.004616704,0.001695531,0.005145973,0.010434,0.195906433,0.080413069,9
?300471,0.567735043,0.005382858,0.020598421,0.085576114,0.024170712,0.002009791,0.002678775,0.005145798,0.979412315,0.33338828,1,0.346034559,0.43413972,0.075982217,0.200579167,0.05259366,0.017147603,0.020571555,0.887179487,0.000355619,0.003894836,0.004029287,0.009302263,0.008784322,0.003027734,0.0150284,0.016550483,0.195906433,0.28457762,7
?300472,0.330413106,0.005382858,0.014158115,0.085576114,0.005494876,0.001718629,0.003296954,0.004716981,0.181733109,0.221956647,0.185534174,0.371289322,0.43413972,0.038778158,0.417369333,0.100864553,0.008751422,0.001145316,0.218461538,0.000237079,0.001031306,0.000472307,0.001531772,0.002379099,0.000484437,0.007398622,0.003193164,0.195906433,0.055696631,11
?300473,0.885576923,0.043715555,0.016723679,0.085576114,0.021136731,0.003864983,0.006056681,0.007718696,0.506831368,0.457347729,0.517451891,0.371289322,0.386532215,0.090298015,0.241064077,0.057636888,0.02037838,0.002588547,0.828717949,0,0.004194823,0.002870094,0.012796908,0.037671861,0.015865326,0.066566825,0.010883742,0.195906433,0.330624683,9
?300475,0.639779202,0.033457671,0.013271253,0.144238856,0.013652913,0.010306622,0.014335862,0.016295026,0.133258469,0.153877854,0.136031851,0.157288436,0.161002569,0.022186297,0.269823695,0.063400576,0.005006985,0.002281805,0.234871795,0.000237079,0.001922705,0.002081151,0.009498181,0.005641272,0.003269953,0.015322547,0.013402294,0.195906433,0.083291011,11
?300476,0.931044474,0.097755661,0.014094768,0.089360807,0.017967907,0.00687194,0.009920299,0.011149228,0.262960883,0.168631006,0.268480425,0.370846256,0.335725021,0.062091851,0.289469949,0.085014409,0.014012837,0.001981684,0.381538462,0.00011854,0.004160015,0.003505153,0.009602409,0.06072742,0.012232046,0.044866329,0.008994828,0.195906433,0.312510581,10
?300477,0.836762689,0.03799277,0.010589552,0.124369218,0.008225458,0.004393198,0.006387848,0.007718696,0.167134569,0.406000165,0.170670206,0.202702703,0.161002569,0.014315798,0.2932175,0.069884726,0.003230777,0.003486704,0.355897436,0.000237079,0.000910767,0.002718435,0.005590116,0.051794335,0.019740826,0.003772672,0.010523949,0.195906433,0.28457762,11
?300478,0.456380783,0.02299649,0.020820136,0.104289319,0.007180421,0.001718629,0.003296954,0.003859348,0.246303575,0.385065524,0.251493033,0.371289322,0.28942648,0.021675778,0.263748119,0.062680115,0.004891771,0.002054507,0.333333333,0,0.001223365,0.000798249,0.002555558,0.031994237,0.005328812,0.00845913,0.004542388,0.248538012,0.352293889,11
?300479,0.553470919,0.002840404,0.019785464,0.085576114,0.005831985,0.002576656,0.004400845,0.006003431,0.17480816,0.571004698,0.178500332,0.370624723,0.33877927,0.022739359,0.621156631,0.152737752,0.005131799,0.00041046,0.165128205,0,0.00045865,0.000275839,0.00160352,0.004975191,0.001332203,0.001697222,0.004002698,0.195906433,0.28457762,13
?300485,0.835470085,0.027196601,0.018275687,0.128994954,0.036441478,0.005153311,0.007712517,0.009433962,0.688377316,0.334047639,0.702853351,0.371289322,0.289862801,0.041947629,0.572949493,0.141210375,0.009466706,0.059362242,0.326153846,0.027382646,0.006189294,0.001728981,0.010853977,0.03293883,0.024221872,0.019236518,0.017404992,0.637426901,0.61198578,6
?600917,0.434947768,0.025852533,0.087514253,0.063183347,0.015844121,0.03761917,0.049439591,0.038593482,0.029384241,0.040138465,0.029993364,0.285556048,0.050128472,0.150517964,0.332538398,0.193804035,0.033967327,0.001544742,0.027692308,0.003319109,0.012764402,0.019488564,0.056717924,0.158989683,0.022163013,0.135991349,0.018214527,0.01754386,0.112070425,8
?600958,0.246597024,0.285679335,0,0.138456686,0.33812028,0.255088895,0.255352031,0.256432247,0.156279244,0.101376411,0.15952223,0.371067789,0.332622291,0.309374402,0.171365301,0.15129683,0.069819355,0.011786384,0.274871795,0.00011854,0.061121104,0.336419553,0.380462348,0.307522292,0.285454766,0.733550539,0.196042276,0.195906433,0.233790418,5
?600959,0.442238764,0.011800428,0.048333967,0.167682927,0.105245415,0.151249678,0.195484351,0.150943396,0.070933932,0.07541416,0.072461845,0.371067789,0.231056382,0.227585033,0.279987508,0.075648415,0.051361199,0.00163522,0.207179487,0.000355619,0.029060732,0.046575741,0.189228666,0.246151721,0.102579629,0.933706738,0.044254554,0.076023392,0.157609616,19
?601015,0.812640576,0.023547945,0.014738798,0.013772077,0.023226807,0.028343211,0.03751757,0.030017153,0.083660865,0.036347152,0.085467817,0.364643332,0.168516992,0.235753334,0.167248673,0.077089337,0.053329429,0.004192872,0.246153846,0.001185396,0.025868243,0.029669995,0.054402278,0.18768204,0.004965484,0.067128837,0.046773105,0.011695906,0.048247842,8
?601016,0.125934829,0.054793624,0.016744795,0.086837679,0.011124595,0.043231126,0.056651678,0.044596913,0.009170878,0.045248496,0.00928998,0.350686752,0.018277016,0.113824424,0.429634046,0.2370317,0.02568732,0.00088271,0.013333333,0.002489331,0.005934874,0.039945367,0.067210493,0.032975182,0.015744217,0.087614196,0.029682932,0,0.063484002,10
?601021,1,0.021028185,0.022636091,0.06970143,0.059162621,0.0231899,0.030894225,0.033447684,0.308440951,0.370559631,0.314930325,0.370624723,0.066175401,0.102805726,0.092524771,0.07204611,0.023085896,0.007503034,0.84,0.001896633,0.010442088,0.033032105,0.06594803,0.311777714,0.079326632,0.054048674,0.115718462,0.619883041,0.447265956,8
?601069,0.696192696,0.102970819,0.021865366,0.027544155,0.013888889,0.029889204,0.039504574,0.030874786,0.035373386,0.137064205,0.036098208,0.356225078,0.197944442,0.125651443,0.144365897,0.046829971,0.028366513,0.003751517,0.072820513,0.001066856,0.008203625,0.00668712,0.021411097,0.035050602,0.005571031,0.003295587,0.019968518,0.195906433,0.28457762,12
?601198,0.547958215,0.128415389,0.019141433,0.06686291,0,0.12625612,0.163361127,0.127787307,0.140370578,0.144317152,0.143331121,0.370846256,0.336064382,0.27068133,0.161485393,0.150576369,0.061087135,0.003522013,0.215384615,0.000237079,0.027595531,0.132985924,0.150415065,0.145234085,0.125832627,0.25599122,0.111221048,0.131578947,0.261215507,7
?601211,1,0.26814698,0.027376578,0.248528175,1,0.390363308,0.39057866,0.391080617,0.33745087,0.105497404,0.344525547,0.371289322,0.209579677,0.298887494,0.102149164,0.067723343,0.067452678,0.018380227,0.541538462,0.001541015,0.007110582,1,0.96992373,1,0.868354124,0.235661514,1,0.195906433,0.305400372,1
?601225,0.491452991,0.017539557,0.024177541,0,0.331479234,0.255088895,0.052972042,0.127787307,0.043421299,0,0.028268082,0,0,1,0.011526559,0.105907781,0.22567769,0.67247091,0.179487179,0.210526316,0.108210475,0.169260285,0.558163148,0.051794335,1,1,0.271643805,0.157894737,0.459454884,1
?601368,0.623298512,0.033084298,0.023670763,0.098507149,0.02936219,0.03530018,0.046459086,0.036878216,0.088901366,0.06964477,0.090776377,0.370624723,0.182624715,0.026887324,0.260483207,0.063400576,0.006067909,0.001860311,0.098461538,0.027382646,0.0052418,0.020173758,0.029819501,0.012713694,0.006418796,0.034251396,0.029682932,0.195906433,0.28457762,10
?601579,0.530571991,0.083794388,0.080767769,0.015874685,0.012675297,0.0231899,0.030894225,0.033447684,0.051469212,0.058518091,0.052554745,0.181435534,0.025791438,0.068558422,0.350424439,0.249279539,0.015473467,0.004634227,0.158974359,0.00296349,0.003420001,0.005960565,0.017503649,0.052175192,0.014896451,0.04896975,0.014166854,0.099415205,0.235991197,7
?601689,0.796581197,0.028607749,0.02254107,0,0.046959277,0.030687967,0.040531192,0.031732419,0.181358787,0.168301327,0.185136032,0.300841825,0.064817957,0.205505095,0.052295375,0.013688761,0.046378217,0.009341278,0.126153846,0.000948317,0.008155168,0.007427589,0.028402853,0.153012854,0.048201526,0.037103313,0.028063863,0.204678363,0.445573049,5
?601968,0.171256726,0.015226738,0.032845559,0.137195122,0.019855717,0.051102809,0.066770678,0.052315609,0.026202508,0.034204236,0.026808228,0.369960124,0.275221797,0.060390121,0.379155665,0.088616715,0.013628792,0.001052632,0.059487179,0.00011854,0.004697165,0.014692676,0.028221738,0.051794335,0.019740826,0.071883605,0.01335732,0.195906433,0.28457762,11
?601969,0.288034188,0.199662872,0.019204781,0.013141295,0.059331176,0.045521773,0.059595387,0.047169811,0.162081228,0.056622435,0.16549436,0.302392556,0.14476172,0.346280658,0.032251654,0.045389049,0.078292345,0.011475229,0,0.002252252,0.010590909,0.013015052,0.053790062,0.074775512,0.038391668,0.003295587,0.019968518,0.195906433,0.28457762,4
?601985,0.411992521,0.074355868,0.052113687,1,0.450916936,1,1,1,0.032004492,0.017720267,0.032647644,0.355782012,0.071556698,0.311161218,0.332822304,0.119596542,1,0.006476884,0.031794872,0.00011854,1,0.719982504,1,0.051794335,0.019740826,0.733186673,0.294895435,0.195906433,0.28457762,11
?603005,0.603505723,0.041390737,0.01801174,0.085576114,0.022485167,0.012025251,0.01445729,0.018010292,0.327157028,0.217258716,0.334041141,0.609880372,0.189896737,0.244538512,0.32316952,0.25648415,0.05518703,0.169774667,0.196923077,0.078236131,0.003579875,0.002035904,0.011323932,0.011053805,0.008477655,0.035507074,0.010793794,0.090643275,0.176908752,4
?603006,0.949145299,0.020459387,0.069840365,0.077375946,0.008427724,0.002576656,0.004400845,0.006003431,0.154407636,0.340146707,0.157664234,0.159503766,0.028457847,0.056901576,0.88490475,0.439481268,0.012860702,0.000340726,0.402051282,0.006993836,0.000946642,0.000974914,0.004379459,0.02260032,0.007060676,6.16E-08,0.009187767,0.271929825,0.338412053,10
?603009,0.669444444,0.020724826,0.034988809,0.085576114,0.005056634,0.004295285,0.006608627,0.007718696,0.099756691,0.215527899,0.101791639,0.293309703,0.028797208,0.023781668,0.832836499,0.354466859,0.005364796,0.003227024,0.154871795,0.027382646,0.000315716,0.001567138,0.002870506,0.029653728,0.004723265,0.002507023,0.005531819,0.128654971,0.30218385,9
?603010,0.944647944,0.040190843,0.024314794,0.085576114,0.008461435,0.003864983,0.006056681,0.007718696,0.187535093,0.105991923,0.191506304,0.366194063,0.119988365,0.068707324,0.290974647,0.112391931,0.015507251,0.002427452,0.164102564,0.002489331,0.001481812,0.001230197,0.002504369,0.019346536,0.002543297,0.009950519,0.003283112,0.070175439,0.15354664,5
?603012,0.677920227,0.006270124,0.020059969,0,0.033946872,0.017933522,0.024138413,0.025728988,0.222346996,0.133767411,0.227073656,0.370624723,0.176128375,0.223585969,0.046617267,0.009365994,0.050458694,0.010111442,0.325128205,0.001303936,0.005724334,0.005855061,0.02220669,0.0548507,0.015986436,0.048272433,0.02586013,0.137426901,0.191637041,4
?603015,0.642133586,0.013447738,0.468548081,0.085576114,0.016147519,0.010332389,0.014368979,0.016295026,0.166947408,0.159812083,0.170404778,0.370846256,0.116158433,0.115823956,0.151577095,0.042507205,0.026139053,0.004415756,0.193846154,0.027382646,0.002759462,0.001734872,0.008613572,0.025511836,0.011142061,0.0358115,0.00760063,0.16374269,0.303199594,5
?603017,0.782867569,0.015870377,0.016544195,0.085576114,0.014057443,0.001288328,0.002745009,0.004288165,0.529477821,0.242973708,0.540676841,0.368852459,0.170747079,0.080321627,0.040030662,0.014409222,0.028029514,0.011033874,0.628717949,0.002370792,0.004269859,0.006461918,0.013106716,0.014161622,0.004481046,0.035749104,0.01933888,0.125730994,0.089893347,3
?603022,0.69863881,0.01267972,0.032676633,0.085576114,0.008528857,0.002576656,0.004400845,0.006003431,0.236384054,0.366768318,0.241406768,0.371067789,0.352693072,0.04077769,0.353717741,0.087896254,0.037343562,0.059362242,0.326153846,0.027382646,0.007110582,0.000622086,0.002231154,0.023520865,0.006030035,0,0.005037553,0.231871345,0.435415609,15
?603025,0.811649256,0.024667316,0.030776215,0.06391926,0.017462244,0.010564288,0.01466703,0.012006861,0.177615572,0.217258716,0.181287326,0.371067789,0.283511902,0.095573376,0.173324248,0.047550432,0.021568919,0.003054176,0.06974359,0.001422475,0.00263916,0.002646052,0.016552639,0.03705891,0.026159622,0.000349659,0.017719811,0.140350877,0.447604537,9
?603030,0.188610391,0.020344569,0.009143123,0.085576114,0.012135922,0.007729967,0.01102419,0.012864494,0.15291035,0.167641968,0.156071666,0.370846256,0.118824841,0.140562847,0.105925106,0.040345821,0.031722105,0.0059936,0.195897436,0.000829777,0.002763713,0.004616968,0.006268322,0.101277801,0.009083202,0.00532553,0.010254104,0.195906433,0.332148299,5
?603066,0.533831909,0.311366225,0.01821234,0.085576114,0.00903452,0.003864983,0.006056681,0.007718696,0.201197829,0.298936784,0.205441274,0.326761187,0.375527222,0.018782838,0.345910343,0.083573487,0.004238895,0.001666115,0.381538462,0.00011854,0.00106113,0.001227314,0.005772876,0.026479359,0.007145452,0.024454013,0.006341354,0.219298246,0.283223294,10
?603088,0.178188034,0.007386203,0.017209342,0.085576114,0.004618393,0.002576656,0.004400845,0.006003431,0.128953771,0.267534822,0.131652289,0.369517058,0.149706695,0.059326541,0.540442325,0.168587896,0.013484775,0.000662032,0.342564103,0.001185396,0.000887966,0.001022825,0.003662192,0.006175367,0.002179969,0.023036131,0.003507983,0.076023392,0.114440494,14
?603099,0.491452991,1,0.027175979,0.092724979,0.009101942,0.014601907,0.019855317,0.02058319,0.053527981,0.10739306,0.054678169,0.310589278,0.052164639,0.042373062,0.621440536,0.331412104,0.009561757,0.001103387,0.059487179,0.004148886,0.002026304,0.000979301,0.006564768,0.012989969,0.007266562,0.014953115,0.004812233,0.070175439,0.258337566,10
?603100,0.604463438,0.020287424,0.019384265,0.013246426,0.02110302,0.0231899,0.030894225,0.033447684,0.094329029,0.065771038,0.096350365,0.327204253,0.161584331,0.154368127,0.320131732,0.21685879,0.034836074,0.00289967,0.179487179,0.002726411,0.003318043,0.009952594,0.018340357,0.178199759,0.017681967,0.03464046,0.019923544,0.119883041,0.217369223,6
?603108,0.912820513,0.141468746,0.012363275,0.085576114,0.012169633,0.003504251,0.005593047,0.006003431,0.286730301,0.65029259,0.292767087,0.370846256,0.224075241,0.023568952,0.659313517,0.16426513,0.005319021,0.000225091,0.526153846,0.000355619,0.003040831,0.00287752,0.007338363,0.075926473,0.008840983,0.019576442,0.011693276,0.292397661,0.28965634,14
?603111,0.936431624,0.060804894,0.015794586,0,0.015169903,0.016052564,0.021720892,0.023156089,0.097510762,0.220802769,0.099535501,0.274479397,0.101662869,0.10259301,0.298242626,0.227665706,0.02315312,0.002244324,0.037948718,0.00296349,0.005434089,0.003767141,0.00672512,0.058194525,0.013927577,0.002502173,0.00575669,0.137426901,0.474691045,7
?603126,0.237179487,0.012222544,0.019616538,0.022287637,0.008461435,0.018036589,0.02427088,0.012864494,0.033314617,0.053160801,0.033974784,0.341160833,0.127454307,0.144838442,0.480708628,0.264409222,0.032686311,0.001300743,0.156923077,0.004267425,0.00573852,0.005794178,0.018675452,0.059219651,0.010778733,0.028218129,0.019968518,0.061403509,0.158456069,10
?603158,0.898290598,0.028226258,0.01626969,0.085576114,0.011360572,0.004295285,0.006608627,0.007718696,0.240501591,0.292508036,0.245520902,0.249889233,0.065399719,0.15598477,0.094483718,0.021613833,0.035202512,0.006673287,0.278974359,0.001303936,0.001498463,0.001299321,0.004897519,0.030846633,0.010899843,0.005349897,0.008814931,0.307017544,0.495344507,5
?603168,0.940170941,0.026270651,0.013566874,0.085576114,0.010349245,0.001636176,0.003193924,0.004288165,0.377503275,0.294238853,0.38540146,0.173238813,0.125902943,0.126183234,0.752718394,0.34870317,0.028476213,0.000903556,0.574358974,0.00296349,0.001304567,0.001350616,0.00482351,0.035080243,0.012353155,0.007850432,0.009309647,0.599415205,0.56915524,10
?603169,0.084615384,0.003454309,0.039644833,0.01461312,0.004382416,0.0231899,0.030894225,0.033447684,0,0.062803923,0,0.343376163,0.135308091,0.094637425,0.600545098,0.193804035,0.021358655,0.00088271,0.004102564,0.002252252,0.001836249,0.011399188,0.014208005,0.039750077,0.004238828,0.002891295,0.011468406,0.002923977,0.080074488,15
?603188,0.282051282,0.045544093,0.030786773,0.021656854,0.045678263,0.015975264,0.021621542,0.017152659,0.35204941,0.105497404,0.35952223,0.36597253,0.112425462,0.222309672,0.135224143,0.152017291,0.0501697,0.004192872,0.371282051,0.00296349,0.007920526,0.007379866,0.020781202,0.079466039,0.047595979,0.035088482,0.028018889,0.514619883,0.641950229,4
?603198,0.687047994,0.122390055,0.012870054,0.020920942,0.029800431,0.018036589,0.02427088,0.019725557,0.1894067,0.165169373,0.1933643,0.291758972,0.075871431,0.112973559,0.385146069,0.092939481,0.025495778,0.000993049,0.198974359,0.000355619,0.005212482,0.011652372,0.05010834,0.165433495,0.05873804,0.088902106,0.055318192,0.178362573,0.350431691,9
?603222,0.252136752,0.011625821,0.071835804,0.085576114,0.012742718,0.007729967,0.01102419,0.012864494,0.106307318,0.179592846,0.108560053,0.370624723,0.170650119,0.078726256,0.131618545,0.037463977,0.017766875,0.004963037,0.2,0.001303936,0.001751957,0.001452265,0.006638982,0.027260088,0.006782124,0.02860043,0.005936586,0.195906433,0.208735399,9
?603227,0.065934066,0.048886061,0.047837747,0.088099243,0.012473031,0.018642103,0.025050963,0.026586621,0.061763054,0.11308003,0.063039151,0.37040319,0.226014447,0.0273553,0.436731681,0.107348703,0.006173521,0.059362242,0.174358974,0.027382646,0.003792382,0.004898509,0.019197212,0.05080556,0.015501998,0.071306675,0.005801664,0.195906433,0.175893008,17
?603288,0.921761999,0.013935823,0.020946831,0,0.062601133,0.016709611,0.014302746,0.011149228,0.927755942,0.211489327,0.849236894,0.568675233,0.198477723,0.552445172,0.368622775,0.411383285,0.124673306,0.414215793,0.379487179,0.148648649,0.011085297,0.0148245,0.075178957,0.246174651,0.10439627,0.258304275,0.06692152,0.33625731,0.406297613,1
?603308,0.479247863,0.007470156,0.03921196,0,0.019518608,0.018039165,0.012496044,0.019725557,0.123526109,0.149427182,0.115195753,0.296189632,0.104862559,0.344940546,0.389773727,0.301152738,0.077844354,0.328111182,0.177435897,0.736012328,0.003019236,0.010613128,0.020449602,0.04060407,0.010778733,0.049735938,0.019743647,0.061403509,0.141527002,1
?603311,0.737250713,0.006679562,0.026183538,0.076955425,0.008326591,0.010950786,0.015163781,0.017152659,0.069436646,0.131212396,0.070869277,0.371289322,0.250206041,0.027759461,0.550748091,0.135446686,0.006264732,0.00060245,0.022564103,0.000592698,0.001407219,0.001262785,0.003481282,0.022992363,0.005934359,0.003295587,0.004722285,0.073099415,0.320297952,20
?603315,0.88608547,0.010070224,0.125554289,0.085576114,0.008090615,0.003864983,0.006056681,0.007718696,0.170129141,0.269430479,0.173722628,0.369517058,0.277500364,0.064367914,0.215313857,0.062680115,0.014526497,0.003016661,0.304615385,0.001303936,0.001012673,0.00251031,0.004698107,0.022492942,0.006189899,2.94E-06,0.002773555,0.187134503,0.271880819,8
?603318,0.813532764,0.008295767,0.089287977,0.072329689,0.005225189,0.005179078,0.007745634,0.009433962,0.090585813,0.346328196,0.092501659,0.370846256,0.213409609,0.031843611,0.267268546,0.064121037,0.007186439,0.002420832,0.161025641,0.027382646,0.007110582,0.001536932,0.003462574,0.020221222,0.004117718,0.005733145,0.005621767,0.096491228,0.224479431,23
?603328,0.879327828,0.05704677,0.012226023,0.058767872,0.044093851,0.020613244,0.027582553,0.022298456,0.255100131,0.183384159,0.260517585,0.375941515,0.157172638,0.325838634,0.311160321,0.360230548,0.073532412,0.008809602,0.432820513,0.009720247,0.00762198,0.009173303,0.045392554,0.144994721,0.038712607,2.31E-06,0.071131549,0.216374269,0.251396648,4
?603338,0.940669516,0.005840483,0.022403818,0,0.014832794,0.00161041,0.003160807,0.004288165,0.52180423,0.282535234,0.532846715,0.334736376,0.177922141,0.040671332,0.362831105,0.097262248,0.009178672,0.001447644,0.601025641,0.001422475,0.002145528,0.000717657,0.00328372,0.019034468,0.009882524,8.02E-07,0.005534967,0.479532164,0.595395294,4
?603355,0.851673789,0.026058299,0.020471726,0.092619849,0.025350593,0.007987632,0.011355357,0.009433962,0.325659742,0.245528723,0.332581287,0.371289322,0.178116061,0.048073855,0.412031911,0.103025937,0.010849267,0.00082092,0.264615385,0.000592698,0.004356852,0.008865064,0.028590136,0.236561503,0.041419402,0.016419422,0.037958174,0.260233918,0.435415609,15
?603368,0.898290598,0.003009432,0.186293762,0.085576114,0.019889428,0.004671476,0.005228763,0.008576329,0.459292532,0.586334789,0.469011281,0.298626495,0.118776361,0.049307609,0.367913011,0.171469741,0.011084495,0.013240649,0.453333333,0.000829777,0.002721683,0.00989544,0.009805316,0.237031842,0.015501998,0.01643177,0.01596582,0.195906433,0.28457762,5
?603369,0.869603331,0.07330758,0.038198404,0.019449117,0.031384844,0.01077042,0.014931964,0.012006861,0.285420176,0.071293167,0.291439947,0.139787328,0.024191594,0.189381209,0.297362519,0.265129683,0.042739936,0.003699929,0.355897436,0.027382646,0.005243252,0.010026231,0.044796374,0.140628565,0.082125469,3.99E-06,0.065595233,0.422222222,0.57694261,3
?603456,0.76068376,0.012861147,0.057065332,0.085576114,0.025384304,0.010811646,0.014983478,0.012006861,0.25734606,0.395120745,0.262773723,0.357332743,0.146507005,0.123226479,0.343553928,0.216138329,0.027811568,0.001544742,0.342564103,0.002252252,0.005096522,0.005115063,0.013539461,0.03571892,0.009083202,3.80E-05,0.022262199,0.119883041,0.170644997,5
?603519,0.766915954,0.028052179,0.011814266,0.085576114,0.007483819,0.002576656,0.004400845,0.006003431,0.224780086,0.327124372,0.229462508,0.307930882,0.121927571,0.08602242,0.063963887,0.013688761,0.019413467,0.008354849,0.466666667,0.001066856,0.000767775,0.001295906,0.005157371,0.031415961,0.004965484,0.011581059,0.009219699,0.195906433,0.20907398,6
?603555,0.653263403,0.03415234,0.031494151,0.085576114,0.02973301,0.020355578,0.014151881,0.021440823,0.166947408,0.159894503,0.170404778,0.147540984,0.046298541,0.450511582,0.13556483,0.110230548,0.10167274,0.292868501,0.068717949,0.027382646,0.004935394,0.008410931,0.022221697,0.068688509,0.02083081,0.008857528,0.024061165,0.076432749,0.23683765,1
?603558,0.768842269,0.043754872,0.094883652,0,0.01166397,0.002576656,0.004400845,0.006003431,0.328841475,0.116706503,0.335766423,0.369738591,0.098899501,0.109421199,0.058626466,0.0129683,0.024526065,0.009047777,0.392820513,0.027382646,0.001549177,0.001873465,0.004769648,0.026373658,0.00750878,0.003295587,0.019968518,0.195906433,0.28457762,5
?603567,0.683200224,0.149498139,0.024906035,0.064970563,0.048139159,0.014063386,0.019163545,0.01457976,0.41025641,0.316657051,0.418845388,0.369517058,0.216124497,0.140222501,0.184850808,0.046829971,0.031645296,0.002862187,0.454358974,0.027382646,0.007110582,0.010771305,0.042224781,0.089036124,0.055952525,0.055444913,0.061389701,0.368421053,0.406466904,7
?603598,0.570241965,0.081771701,0.019437054,0.123107653,0.007180421,0.006013914,0.008820088,0.009433962,0.103312746,0.309568944,0.105507631,0.370624723,0.290832404,0,0.776509667,0.193083573,0,1.77E-05,0.161025641,0.00011854,0.00114428,0.001332755,0.004196493,0.079623192,0.005934359,0.003198292,0.00760063,0.125730994,0.290502793,17
?603599,0.965404966,0.047997149,1,0.085576114,0.023631338,0.009549085,0.013360759,0.01457976,0.270072993,0.264732548,0.275779695,0.318785999,0.223493479,0.031205463,0.412542941,0.103025937,0.007042423,0.001165177,0.845128205,0.027382646,0.003790321,0.006255079,0.026139835,0.067861921,0.018287514,0.073426183,0.033370812,0.295321637,0.203318097,15
?603600,0.957621082,0.017119792,0.01109633,0,0.007551241,0.003864983,0.006056681,0.007718696,0.159835299,0.323333059,0.163238222,0.365086398,0.131138799,0.060283763,0.10720268,0.028097983,0.013484775,0.006178969,0.174358974,0.002015173,0.000782097,0.00095417,0.002668832,0.037940866,0.005086593,0.000776116,0.00629638,0.149122807,0.307093279,10
?603601,0.76068376,0.028635528,0.020883483,0.085576114,0.003505933,0.001803659,0.003407343,0.004288165,0.116414,0.273221792,0.118911745,0.356889677,0.081010326,0.057773713,0.233199898,0.046829971,0.013004719,0.00353084,0.198974359,0.001422475,0.000486702,0.000263587,0.001509981,0.0089219,0.003633281,0.00926696,0.002743423,0.195906433,0.300152362,11
?603606,0.240318666,0.018061616,0.045895097,0.085576114,0.00751753,0.006531822,0.008161433,0.007718696,0.122028823,0.06469958,0.124618447,0.314133806,0.092645562,0.068281891,0.378161996,0.17795389,0.01541172,0.003751517,0.310769231,0.001778094,0.000774807,0.003885837,0.008045968,0.037870958,0.002906625,0.008164307,0.013042501,0.049707602,0.086676824,6
?603609,0.762678063,0.009870219,0.03921196,0.085576114,0.014327131,0.018036589,0.02427088,0.019725557,0.078607524,0.097914778,0.080291971,0.344483828,0.079362001,0.072770203,0.749254748,0.373919308,0.016422739,0,0.206153846,0.004030346,0.002053098,0.010582734,0.036610201,0.476747021,0.022163013,0.007137056,0.047357769,0.087719298,0.180125275,5
?603618,0.849319405,0.013246234,0.011613666,0,0.019350054,0.011169802,0.015447113,0.017152659,0.186599289,0.057116954,0.190577306,0.367966327,0.116158433,0.201867648,0.0441189,0.010806916,0.045557321,0.011197175,0.393846154,0.001659554,0.002988195,0.007767726,0.015485476,0.149165694,0.015017561,0.064961425,0.013042501,0.195906433,0.252412392,5
?603636,0.888888889,0.012872767,0.03921196,0.085576114,0.011765102,0.003864983,0.006056681,0.007718696,0.248362343,0.39775818,0.253616457,0.370624723,0.324089785,0.0482653,0.164693524,0.059798271,0.011084495,0.003972195,0.375384615,0.001659554,0.001964649,0.001517253,0.00622145,0.0098609,0.004844374,0.003295587,0.019968518,0.195906433,0.28457762,7
?603669,0.521367522,0.01646957,0.00691541,0.021972246,0.023698759,0.014171605,0.019303371,0.021440823,0.187535093,0.180581884,0.191506304,0.371067789,0.246133708,0.052072919,0.484456179,0.119596542,0.011751773,0.000851815,0.031794872,0.00011854,0.003804679,0.001232265,0.005251732,0.032186623,0.017924186,0.001796971,0.00499213,0.204678363,0.595564584,13
?603678,0.844850065,0.06101601,0.023501837,0.085576114,0.012877562,0.008142231,0.011554058,0.012864494,0.162829871,0.437154867,0.166290644,0.19517058,0.21365201,0.097572908,0.16029299,0.04610951,0.022125784,0.004192872,0.295384615,0.027382646,0.001778771,0.00246406,0.00974796,0.037726109,0.012353155,0.000517254,0.018484371,0.195906433,0.32232944,9
?603686,0.957621082,0.005940486,0.010800709,0.085576114,0.015169903,0.006016491,0.008823768,0.010291595,0.246677896,0.258386219,0.251891175,0.332299513,0.167353469,0.074514475,0.172131846,0.050432277,0.016845168,0.003972195,0.259487179,0.027382646,0.002322584,0.002822685,0.006938717,0.051127136,0.012232046,0.000424713,0.013132449,0.195906433,0.28457762,8
?603688,0.585628364,0.088405621,0.016491406,0.085576114,0.011158306,0.011839732,0.016308147,0.018010292,0.089275688,0.104096266,0.091174519,0.296411165,0.064430116,0.110038076,0.228543849,0.088616715,0.025006121,0.003089485,0.332307692,0.002252252,0.001458551,0.002196181,0.014310795,0.01008069,0.0038755,0.055492411,0.013672139,0.038011696,0.072287117,11
?603698,0.051474118,0.016255572,0.014675451,0,0.033036677,0.018629219,0.025032565,0.019725557,0.202882276,0.175801533,0.207166556,0.370846256,0.159936006,0.0933824,0.213525253,0.092939481,0.021165672,0.002427452,0.17025641,0.000829777,0.005824155,0.006083396,0.016642271,0.058362862,0.027411893,2.65E-06,0.016187542,0.18128655,0.462332825,7
?603718,0.547958215,0.012811037,0.07688247,0.070437342,0.014124865,0.015459933,0.020959208,0.023156089,0.096013476,0.105579824,0.098075647,0.333407178,0.250690842,0.029503733,0.365670159,0.090778098,0.006658378,0.001441024,0.102564103,0.000474158,0.002010195,0.001528847,0.009042,0.015904841,0.011868717,0.026086601,0.006251405,0.195906433,0.337904181,17
?603788,0.911004273,0.021539662,0.019151991,0.085576114,0.010416667,0.006235506,0.00910342,0.010291595,0.160958263,0.244539685,0.164299934,0.291758972,0.051243516,0.030333326,0.118927973,0.034582133,0.00676399,0.005737614,0.12,0.003437648,0.001319141,0.001033259,0.003871266,0.023755196,0.00762989,0.004640328,0.006206431,0.16374269,0.28457762,8
?603799,0.788655788,0.09764925,0.03921196,0,0.012473031,0.02087091,0.02791372,0.022298456,0.057832678,0.219319212,0.059057731,0.370181657,0.150821738,0.077683946,0.292933595,0.097262248,0.017325224,0.001544742,0.329230769,0.000711238,0.010983738,0.025005994,0.047193635,0.182951805,0.013685358,0.003295587,0.019968518,0.195906433,0.28457762,13
?603808,0.676379176,0.057952144,0.026046286,0.085576114,0.024541532,0.007729967,0.01102419,0.012864494,0.327157028,0.324404517,0.334041141,0.367301728,0.151645901,0.135053498,0.159384493,0.043227666,0.03047876,0.004080327,0.367179487,0.001541015,0.003963712,0.001985581,0.010365726,0.030011096,0.012232046,0.042457099,0.009849337,0.230994152,0.273743017,5
?603818,0.215990029,0.019374996,0.026859242,0.06970143,0.017125135,0.013017264,0.017820478,0.019725557,0.136627363,0.072117366,0.139482415,0.371289322,0.186212246,0.086298951,0.163557903,0.038184438,0.019475875,0.003994262,0.191794872,0.000829777,0.002573169,0.002489034,0.010536151,0.061120581,0.011868717,0.023889682,0.012322914,0.140350877,0.286947689,9
?603828,0.840007682,0.011037842,0.00830905,0.085576114,0.015945254,0.005153311,0.007712517,0.009433962,0.290473517,0.196983434,0.296615793,0.369960124,0.098075338,0.167471443,0.146268063,0.044668588,0.037794814,0.004581264,0.337435897,0.001066856,0.002592408,0.005422016,0.007336924,0.103095401,0.010899843,0.014725384,0.011603328,0.195906433,0.362959201,3
?603885,0.907536907,0.028017199,0.089002914,0.124264087,0.024137001,0.014944602,0.020296873,0.016295026,0.177802733,0.209263991,0.181552754,0.371067789,0.140010666,0.029099572,0.550095108,0.136167147,0.006567167,0.00033543,0.246153846,0.000355619,0.015508428,0.024333365,0.041125959,0.371684138,0.050018166,0.09449054,0.038317967,0.230994152,0.401388184,17
?603889,1,0.026971904,0.015762912,0.085576114,0.014529396,0.004297861,0.006612306,0.007718696,0.304510575,0.062144564,0.310948905,0.341160833,0.125369661,0.055136032,0.192232348,0.062680115,0.012524663,0.003310162,0.456410256,0.002252252,0.002085906,0.002984622,0.009112925,0.068981562,0.010899843,0.001610806,0.016550483,0.195906433,0.28457762,3
?603918,0.692307693,0.010535257,0.032729423,0.085576114,0.005764563,0.003091987,0.005063179,0.006003431,0.146359723,0.525179263,0.149435965,0.371289322,0.659233044,0.009380783,0.64949039,0.158501441,0.002117047,0.000375152,0.247179487,0.000237079,0.000695783,0.001339649,0.003018317,0.032832011,0.004359937,0.011679861,0.00445244,0.149122807,0.259184019,17
?603939,0.38974359,0.003847838,0.058258372,0,0.02447411,0.007729967,0.01102419,0.012864494,0.332959012,0.210582708,0.340013271,0.369960124,0.113201144,0.160430538,0.150696988,0.049711816,0.036205829,0.00428335,0.339487179,0.001185396,0.004516943,0.003397863,0.009807989,0.124678984,0.016955311,0.038209638,0.010434,0.195906433,0.443880142,5
?603968,0.709401709,0.048303554,0.009301491,0,0.015473301,0.004009276,0.006240663,0.007718696,0.33501778,0.167312289,0.342136695,0.371067789,0.22703253,0.087639063,0.468273571,0.115273775,0.01977831,0.000895951,0.533333333,0.000474158,0.002758727,0.003564563,0.009044056,0.018256536,0.004117718,0.012576581,0.015785923,0.195906433,0.28457762,13
?603969,0.129367521,0.003388131,0.020482284,0,0.021406419,0.010306622,0.014335862,0.016295026,0.226651694,0.063792961,0.231453218,0.362871068,0.157608959,0.199463955,0.110240468,0.037463977,0.045014858,0.005689065,0.356923077,0.000829777,0.003456102,0.003872864,0.013394322,0.090923072,0.014169795,0.055316256,0.012727682,0.213450292,0.28711698,4
?603988,0.874432837,0.019338987,0.010853499,0.085576114,0.009000809,0.002576656,0.004400845,0.006003431,0.247052218,0.364295722,0.252289317,0.348692955,0.097202695,0.067750101,0.276012833,0.097262248,0.015404999,0.00264813,0.378461538,0.002252252,0.001056991,0.001144152,0.004099048,0.009815041,0.003512171,0.015617736,0.006251405,0.128654971,0.17132216,9
?603998,0.566484517,0.144299349,0.014200346,0,0.01243932,0.004447307,0.006803647,0.007718696,0.246490736,0.070468969,0.251625747,0.36818786,0.163135696,0.073110549,0.381341737,0.136167147,0.016365111,0.001324065,0.336410256,0.001303936,0.001697082,0.001139765,0.006881977,0.016815318,0.007872109,0.010565885,0.010613897,0.204678363,0.275435923,7
